,cod,depto_origen,nom_depto_orig,depto_destino,nom_depto_des,personas_mig,pbi_origen,pob_origen,pbi_destino,pob_destino,dist,log_pbi_destino,log_dist
0,102,1,MONTEVIDEO,2,ARTIGAS,914,465848031,1318755,14214980,73377,610726,16.469806896101773,13.322403692400275
1,302,3,CANELONES,2,ARTIGAS,74,86306492,520173,14214980,73377,601916,16.469806896101773,13.30787317967134
2,402,4,CERRO LARGO,2,ARTIGAS,15,17048887,84698,14214980,73377,406722,16.469806896101773,12.91588518435902
3,502,5,COLONIA,2,ARTIGAS,28,43788749,123203,14214980,73377,556293,16.469806896101773,13.229050412845622
4,602,6,DURAZNO,2,ARTIGAS,32,13023942,57084,14214980,73377,446276,16.469806896101773,13.008692873684067
5,702,7,FLORES,2,ARTIGAS,2,7284124,25050,14214980,73377,450737,16.469806896101773,13.018639299828806
6,802,8,FLORIDA,2,ARTIGAS,13,17767290,67047,14214980,73377,533821,16.469806896101773,13.187815855755735
7,902,9,LAVALLEJA,2,ARTIGAS,7,15594153,58815,14214980,73377,593134,16.469806896101773,13.293175622098437
8,1002,10,MALDONADO,2,ARTIGAS,46,51311595,164298,14214980,73377,658957,16.469806896101773,13.398413560976383
9,1102,11,PAYSANDU,2,ARTIGAS,75,26828524,113107,14214980,73377,304612,16.469806896101773,12.626794114596287
10,1202,12,RIO NEGRO,2,ARTIGAS,30,24297744,54765,14214980,73377,380386,16.469806896101773,12.848941805611233
11,1302,13,RIVERA,2,ARTIGAS,102,20212707,103473,14214980,73377,165845,16.469806896101773,12.0188088961969
12,1402,14,ROCHA,2,ARTIGAS,8,17547856,68088,14214980,73377,623208,16.469806896101773,13.342635610426758
13,1502,15,SALTO,2,ARTIGAS,380,25542275,124861,14214980,73377,184479,16.469806896101773,12.12529091484639
14,1602,16,SAN JOSE,2,ARTIGAS,15,26930981,108304,14214980,73377,570263,16.469806896101773,13.253852936905638
15,1702,17,SORIANO,2,ARTIGAS,9,22993631,82594,14214980,73377,447321,16.469806896101773,13.011031736675708
16,1802,18,TACUAREMBO,2,ARTIGAS,50,18093592,90051,14214980,73377,254949,16.469806896101773,12.448818804137897
17,1902,19,TREINTA Y TRES,2,ARTIGAS,10,11720592,48134,14214980,73377,481308,16.469806896101773,13.084262676802762
18,103,1,MONTEVIDEO,3,CANELONES,33127,465848031,1318755,86306492,520173,22530,18.273415379180292,10.02260303342629
19,203,2,ARTIGAS,3,CANELONES,536,14214980,73377,86306492,520173,601915,18.273415379180292,13.307871518308573
20,403,4,CERRO LARGO,3,CANELONES,435,17048887,84698,86306492,520173,371156,18.273415379180292,12.824377738385657
21,503,5,COLONIA,3,CANELONES,366,43788749,123203,86306492,520173,189990,18.273415379180292,12.154726718178585
22,603,6,DURAZNO,3,CANELONES,466,13023942,57084,86306492,520173,190159,18.273415379180292,12.155615843290757
23,703,7,FLORES,3,CANELONES,162,7284124,25050,86306492,520173,174329,18.273415379180292,12.068699597473461
24,803,8,FLORIDA,3,CANELONES,892,17767290,67047,86306492,520173,88131,18.273415379180292,11.386579622903268
25,903,9,LAVALLEJA,3,CANELONES,446,15594153,58815,86306492,520173,114784,18.273415379180292,11.65080738033201
26,1003,10,MALDONADO,3,CANELONES,862,51311595,164298,86306492,520173,113977,18.273415379180292,11.643751952635514
27,1103,11,PAYSANDU,3,CANELONES,434,26828524,113107,86306492,520173,360013,18.273415379180292,12.793895420891413
28,1203,12,RIO NEGRO,3,CANELONES,316,24297744,54765,86306492,520173,313198,18.273415379180292,12.654590857382356
29,1303,13,RIVERA,3,CANELONES,584,20212707,103473,86306492,520173,494736,18.273415379180292,13.111779565944683
30,1403,14,ROCHA,3,CANELONES,407,17547856,68088,86306492,520173,232416,18.273415379180292,12.356284148405894
31,1503,15,SALTO,3,CANELONES,543,25542275,124861,86306492,520173,478975,18.273415379180292,13.079403682964193
32,1603,16,SAN JOSE,3,CANELONES,689,26930981,108304,86306492,520173,82580,18.273415379180292,11.321522799440082
33,1703,17,SORIANO,3,CANELONES,293,22993631,82594,86306492,520173,255117,18.273415379180292,12.449477542442645
34,1803,18,TACUAREMBO,3,CANELONES,596,18093592,90051,86306492,520173,351000,18.273415379180292,12.768541502448002
35,1903,19,TREINTA Y TRES,3,CANELONES,259,11720592,48134,86306492,520173,265708,18.273415379180292,12.490153240440288
36,104,1,MONTEVIDEO,4,CERRO LARGO,1387,465848031,1318755,17048887,84698,393686,16.651595480970684,12.883308916228435
37,204,2,ARTIGAS,4,CERRO LARGO,20,14214980,73377,17048887,84698,406691,16.651595480970684,12.915808962316797
38,304,3,CANELONES,4,CERRO LARGO,274,86306492,520173,17048887,84698,371156,16.651595480970684,12.824377738385657
39,504,5,COLONIA,4,CERRO LARGO,20,43788749,123203,17048887,84698,472743,16.651595480970684,13.066307179430646
40,604,6,DURAZNO,4,CERRO LARGO,64,13023942,57084,17048887,84698,277112,16.651595480970684,12.532177035579231
41,704,7,FLORES,4,CERRO LARGO,13,7284124,25050,17048887,84698,347479,16.651595480970684,12.758459510506242
42,804,8,FLORIDA,4,CERRO LARGO,37,17767290,67047,17048887,84698,335791,16.651595480970684,12.724244221598747
43,904,9,LAVALLEJA,4,CERRO LARGO,64,15594153,58815,17048887,84698,268569,16.651595480970684,12.500863143156742
44,1004,10,MALDONADO,4,CERRO LARGO,208,51311595,164298,17048887,84698,322432,16.651595480970684,12.683647540272228
45,1104,11,PAYSANDU,4,CERRO LARGO,35,26828524,113107,17048887,84698,444734,16.651595480970684,13.005231629613952
46,1204,12,RIO NEGRO,4,CERRO LARGO,20,24297744,54765,17048887,84698,486386,16.651595480970684,13.094757826325122
47,1304,13,RIVERA,4,CERRO LARGO,162,20212707,103473,17048887,84698,240872,16.651595480970684,12.392020951046478
48,1404,14,ROCHA,4,CERRO LARGO,59,17547856,68088,17048887,84698,254955,16.651595480970684,12.448842337979562
49,1504,15,SALTO,4,CERRO LARGO,18,25542275,124861,17048887,84698,427088,16.651595480970684,12.964745359970317
50,1604,16,SAN JOSE,4,CERRO LARGO,31,26930981,108304,17048887,84698,417390,16.651595480970684,12.941776315504033
51,1704,17,SORIANO,4,CERRO LARGO,12,22993631,82594,17048887,84698,468718,16.651595480970684,13.057756587269816
52,1804,18,TACUAREMBO,4,CERRO LARGO,168,18093592,90051,17048887,84698,249479,16.651595480970684,12.427130022294683
53,1904,19,TREINTA Y TRES,4,CERRO LARGO,409,11720592,48134,17048887,84698,109230,16.651595480970684,11.60121102983759
54,105,1,MONTEVIDEO,5,COLONIA,2100,465848031,1318755,43788749,123203,172776,17.594887470203254,12.059751236817249
55,205,2,ARTIGAS,5,COLONIA,167,14214980,73377,43788749,123203,556293,17.594887470203254,13.229050412845622
56,305,3,CANELONES,5,COLONIA,422,86306492,520173,43788749,123203,189991,17.594887470203254,12.154731981599651
57,405,4,CERRO LARGO,5,COLONIA,63,17048887,84698,43788749,123203,472749,17.594887470203254,13.066319871235548
58,605,6,DURAZNO,5,COLONIA,70,13023942,57084,43788749,123203,199701,17.594887470203254,12.204576526902637
59,705,7,FLORES,5,COLONIA,86,7284124,25050,43788749,123203,125265,17.594887470203254,11.738186772255439
60,805,8,FLORIDA,5,COLONIA,107,17767290,67047,43788749,123203,194958,17.594887470203254,12.180539429731901
61,905,9,LAVALLEJA,5,COLONIA,39,15594153,58815,43788749,123203,282446,17.594887470203254,12.55124266085458
62,1005,10,MALDONADO,5,COLONIA,196,51311595,164298,43788749,123203,296836,17.594887470203254,12.600935076720404
63,1105,11,PAYSANDU,5,COLONIA,151,26828524,113107,43788749,123203,251002,17.594887470203254,12.433216186209666
64,1205,12,RIO NEGRO,5,COLONIA,176,24297744,54765,43788749,123203,173118,17.594887470203254,12.0617287218933
65,1305,13,RIVERA,5,COLONIA,77,20212707,103473,43788749,123203,484771,17.594887470203254,13.091431893466197
66,1405,14,ROCHA,5,COLONIA,49,17547856,68088,43788749,123203,398579,17.594887470203254,12.895661000977576
67,1505,15,SALTO,5,COLONIA,134,25542275,124861,43788749,123203,369963,17.594887470203254,12.821158279620073
68,1605,16,SAN JOSE,5,COLONIA,452,26930981,108304,43788749,123203,123292,17.594887470203254,11.722310804646833
69,1705,17,SORIANO,5,COLONIA,1053,22993631,82594,43788749,123203,115038,17.594887470203254,11.653017787546446
70,1805,18,TACUAREMBO,5,COLONIA,79,18093592,90051,43788749,123203,348371,17.594887470203254,12.761023282838174
71,1905,19,TREINTA Y TRES,5,COLONIA,41,11720592,48134,43788749,123203,412983,17.594887470203254,12.931161708868379
72,106,1,MONTEVIDEO,6,DURAZNO,982,465848031,1318755,13023942,57084,198970,16.38229991389759,12.200909338573293
73,206,2,ARTIGAS,6,DURAZNO,33,14214980,73377,13023942,57084,446278,16.38229991389759,13.008697355205634
74,306,3,CANELONES,6,DURAZNO,223,86306492,520173,13023942,57084,190160,16.38229991389759,12.155621102034075
75,406,4,CERRO LARGO,6,DURAZNO,67,17048887,84698,13023942,57084,277117,16.38229991389759,12.532195078662506
76,506,5,COLONIA,6,DURAZNO,63,43788749,123203,13023942,57084,199701,16.38229991389759,12.204576526902637
77,706,7,FLORES,6,DURAZNO,90,7284124,25050,13023942,57084,74436,16.38229991389759,11.217694974761118
78,806,8,FLORIDA,6,DURAZNO,307,17767290,67047,13023942,57084,121653,16.38229991389759,11.708928008820047
79,906,9,LAVALLEJA,6,DURAZNO,29,15594153,58815,13023942,57084,202724,16.38229991389759,12.219600727009865
80,1006,10,MALDONADO,6,DURAZNO,75,51311595,164298,13023942,57084,260638,16.38229991389759,12.470887750387156
81,1106,11,PAYSANDU,6,DURAZNO,55,26828524,113107,13023942,57084,256357,16.38229991389759,12.45432628325604
82,1206,12,RIO NEGRO,6,DURAZNO,54,24297744,54765,13023942,57084,235479,16.38229991389759,12.36937701648803
83,1306,13,RIVERA,6,DURAZNO,50,20212707,103473,13023942,57084,336664,16.38229991389759,12.726840679325884
84,1406,14,ROCHA,6,DURAZNO,18,17547856,68088,13023942,57084,299700,16.38229991389759,12.610537253304754
85,1506,15,SALTO,6,DURAZNO,14,25542275,124861,13023942,57084,347976,16.38229991389759,12.75988879086114
86,1606,16,SAN JOSE,6,DURAZNO,59,26930981,108304,13023942,57084,174995,16.38229991389759,12.07251268106891
87,1706,17,SORIANO,6,DURAZNO,57,22993631,82594,13023942,57084,195675,16.38229991389759,12.18421039867304
88,1806,18,TACUAREMBO,6,DURAZNO,304,18093592,90051,13023942,57084,200264,16.38229991389759,12.207391775096072
89,1906,19,TREINTA Y TRES,6,DURAZNO,91,11720592,48134,13023942,57084,217352,16.38229991389759,12.289273438122935
90,107,1,MONTEVIDEO,7,FLORES,378,465848031,1318755,7284124,25050,182361,15.801207743298134,12.11374351797104
91,207,2,ARTIGAS,7,FLORES,21,14214980,73377,7284124,25050,450737,15.801207743298134,13.018639299828806
92,307,3,CANELONES,7,FLORES,82,86306492,520173,7284124,25050,174329,15.801207743298134,12.068699597473461
93,407,4,CERRO LARGO,7,FLORES,5,17048887,84698,7284124,25050,347484,15.801207743298134,12.758473899761498
94,507,5,COLONIA,7,FLORES,69,43788749,123203,7284124,25050,125265,15.801207743298134,11.738186772255439
95,607,6,DURAZNO,7,FLORES,149,13023942,57084,7284124,25050,74436,15.801207743298134,11.217694974761118
96,807,8,FLORIDA,7,FLORES,84,17767290,67047,7284124,25050,125607,15.801207743298134,11.740913263947315
97,907,9,LAVALLEJA,7,FLORES,17,15594153,58815,7284124,25050,236470,15.801207743298134,12.373576628973705
98,1007,10,MALDONADO,7,FLORES,58,51311595,164298,7284124,25050,272160,15.801207743298134,12.51414540762969
99,1107,11,PAYSANDU,7,FLORES,29,26828524,113107,7284124,25050,187007,15.801207743298134,12.138901328291201
100,1207,12,RIO NEGRO,7,FLORES,77,24297744,54765,7284124,25050,166130,15.801207743298134,12.020525893380524
101,1307,13,RIVERA,7,FLORES,22,20212707,103473,7284124,25050,359506,15.801207743298134,12.792486145850974
102,1407,14,ROCHA,7,FLORES,7,17547856,68088,7284124,25050,350525,15.801207743298134,12.767187309589332
103,1507,15,SALTO,7,FLORES,20,25542275,124861,7284124,25050,305969,15.801207743298134,12.631239068613056
104,1607,16,SAN JOSE,7,FLORES,122,26930981,108304,7284124,25050,120843,15.801207743298134,11.702247461408927
105,1707,17,SORIANO,7,FLORES,90,22993631,82594,7284124,25050,126326,15.801207743298134,11.74662114621823
106,1807,18,TACUAREMBO,7,FLORES,79,18093592,90051,7284124,25050,223107,15.801207743298134,12.315406755992951
107,1907,19,TREINTA Y TRES,7,FLORES,2,11720592,48134,7284124,25050,287718,15.801207743298134,12.569736112754574
108,108,1,MONTEVIDEO,8,FLORIDA,1026,465848031,1318755,17767290,67047,102030,16.692869684280286,11.533022166669351
109,208,2,ARTIGAS,8,FLORIDA,40,14214980,73377,17767290,67047,533821,16.692869684280286,13.187815855755735
110,308,3,CANELONES,8,FLORIDA,670,86306492,520173,17767290,67047,88132,16.692869684280286,11.386590969584079
111,408,4,CERRO LARGO,8,FLORIDA,73,17048887,84698,17767290,67047,335796,16.692869684280286,12.724259111702338
112,508,5,COLONIA,8,FLORIDA,53,43788749,123203,17767290,67047,194958,16.692869684280286,12.180539429731901
113,608,6,DURAZNO,8,FLORIDA,404,13023942,57084,17767290,67047,121653,16.692869684280286,11.708928008820047
114,708,7,FLORES,8,FLORIDA,76,7284124,25050,17767290,67047,125607,16.692869684280286,11.740913263947315
115,908,9,LAVALLEJA,8,FLORIDA,138,15594153,58815,17767290,67047,130899,16.692869684280286,11.782181312449406
116,1008,10,MALDONADO,8,FLORIDA,121,51311595,164298,17767290,67047,166590,16.692869684280286,12.023290982903763
117,1108,11,PAYSANDU,8,FLORIDA,57,26828524,113107,17767290,67047,311292,16.692869684280286,12.64848665741654
118,1208,12,RIO NEGRO,8,FLORIDA,27,24297744,54765,17767290,67047,290414,16.692869684280286,12.579062770137135
119,1308,13,RIVERA,8,FLORIDA,63,20212707,103473,17767290,67047,419306,16.692869684280286,12.946356242620032
120,1408,14,ROCHA,8,FLORIDA,45,17547856,68088,17767290,67047,253253,16.692869684280286,12.44214426804274
121,1508,15,SALTO,8,FLORIDA,48,25542275,124861,17767290,67047,427873,16.692869684280286,12.96658170155922
122,1608,16,SAN JOSE,8,FLORIDA,252,26930981,108304,17767290,67047,96337,16.692869684280286,11.475607739985847
123,1708,17,SORIANO,8,FLORIDA,40,22993631,82594,17767290,67047,250610,16.692869684280286,12.4316532248778
124,1808,18,TACUAREMBO,8,FLORIDA,92,18093592,90051,17767290,67047,282906,16.692869684280286,12.552869965972494
125,1908,19,TREINTA Y TRES,8,FLORIDA,58,11720592,48134,17767290,67047,238184,16.692869684280286,12.380798763202296
126,109,1,MONTEVIDEO,9,LAVALLEJA,825,465848031,1318755,15594153,58815,135946,16.562406594269497,11.820013027045933
127,209,2,ARTIGAS,9,LAVALLEJA,15,14214980,73377,15594153,58815,593134,16.562406594269497,13.293175622098437
128,309,3,CANELONES,9,LAVALLEJA,403,86306492,520173,15594153,58815,114784,16.562406594269497,11.65080738033201
129,409,4,CERRO LARGO,9,LAVALLEJA,131,17048887,84698,15594153,58815,268550,16.562406594269497,12.500792395333605
130,509,5,COLONIA,9,LAVALLEJA,19,43788749,123203,15594153,58815,282443,16.562406594269497,12.55123203929884
131,609,6,DURAZNO,9,LAVALLEJA,67,13023942,57084,15594153,58815,202724,16.562406594269497,12.219600727009865
132,709,7,FLORES,9,LAVALLEJA,5,7284124,25050,15594153,58815,236470,16.562406594269497,12.373576628973705
133,809,8,FLORIDA,9,LAVALLEJA,163,17767290,67047,15594153,58815,130899,16.562406594269497,11.782181312449406
134,1009,10,MALDONADO,9,LAVALLEJA,407,51311595,164298,15594153,58815,85327,16.562406594269497,11.354246213289242
135,1109,11,PAYSANDU,9,LAVALLEJA,37,26828524,113107,15594153,58815,422154,16.562406594269497,12.953125455357743
136,1209,12,RIO NEGRO,9,LAVALLEJA,15,24297744,54765,15594153,58815,401277,16.562406594269497,12.902407240882138
137,1309,13,RIVERA,9,LAVALLEJA,49,20212707,103473,15594153,58815,464966,16.562406594269497,13.049719563616652
138,1409,14,ROCHA,9,LAVALLEJA,130,17547856,68088,15594153,58815,153094,16.562406594269497,11.938807390805975
139,1509,15,SALTO,9,LAVALLEJA,20,25542275,124861,15594153,58815,543146,16.562406594269497,13.205133439386653
140,1609,16,SAN JOSE,9,LAVALLEJA,44,26930981,108304,15594153,58815,175949,16.562406594269497,12.077949459300788
141,1709,17,SORIANO,9,LAVALLEJA,33,22993631,82594,15594153,58815,348485,16.562406594269497,12.761350466649512
142,1809,18,TACUAREMBO,9,LAVALLEJA,50,18093592,90051,15594153,58815,354205,16.562406594269497,12.7776311205497
143,1909,19,TREINTA Y TRES,9,LAVALLEJA,172,11720592,48134,15594153,58815,163101,16.562406594269497,12.002124919798158
144,110,1,MONTEVIDEO,10,MALDONADO,3914,465848031,1318755,51311595,164298,124217,17.753427307993373,11.72978531512129
145,210,2,ARTIGAS,10,MALDONADO,472,14214980,73377,51311595,164298,658957,17.753427307993373,13.398413560976383
146,310,3,CANELONES,10,MALDONADO,1345,86306492,520173,51311595,164298,113965,17.753427307993373,11.643646662693238
147,410,4,CERRO LARGO,10,MALDONADO,810,17048887,84698,51311595,164298,322413,17.753427307993373,12.683588611382323
148,510,5,COLONIA,10,MALDONADO,309,43788749,123203,51311595,164298,296898,17.753427307993373,12.601143924454322
149,610,6,DURAZNO,10,MALDONADO,198,13023942,57084,51311595,164298,260638,17.753427307993373,12.470887750387156
150,710,7,FLORES,10,MALDONADO,79,7284124,25050,51311595,164298,272199,17.753427307993373,12.514288695423467
151,810,8,FLORIDA,10,MALDONADO,310,17767290,67047,51311595,164298,166629,17.753427307993373,12.02352506319437
152,910,9,LAVALLEJA,10,MALDONADO,936,15594153,58815,51311595,164298,86435,17.753427307993373,11.367147965356887
153,1110,11,PAYSANDU,10,MALDONADO,420,26828524,113107,51311595,164298,457883,17.753427307993373,13.034368971945954
154,1210,12,RIO NEGRO,10,MALDONADO,223,24297744,54765,51311595,164298,424665,17.753427307993373,12.959055901791652
155,1310,13,RIVERA,10,MALDONADO,227,20212707,103473,51311595,164298,533780,17.753427307993373,13.18773904803446
156,1410,14,ROCHA,10,MALDONADO,952,17547856,68088,51311595,164298,141481,17.753427307993373,11.859920711431277
157,1510,15,SALTO,10,MALDONADO,484,25542275,124861,51311595,164298,574464,17.753427307993373,13.261192711122149
158,1610,16,SAN JOSE,10,MALDONADO,230,26930981,108304,51311595,164298,191164,17.753427307993373,12.160886977352854
159,1710,17,SORIANO,10,MALDONADO,335,22993631,82594,51311595,164298,366584,17.753427307993373,12.811982969136338
160,1810,18,TACUAREMBO,10,MALDONADO,363,18093592,90051,51311595,164298,420028,17.753427307993373,12.948076654704094
161,1910,19,TREINTA Y TRES,10,MALDONADO,776,11720592,48134,51311595,164298,216964,17.753427307993373,12.287486720142388
162,111,1,MONTEVIDEO,11,PAYSANDU,1075,465848031,1318755,26828524,113107,368049,17.104976207843436,12.815971360461017
163,211,2,ARTIGAS,11,PAYSANDU,200,14214980,73377,26828524,113107,304615,17.104976207843436,12.626803963142066
164,311,3,CANELONES,11,PAYSANDU,148,86306492,520173,26828524,113107,360017,17.104976207843436,12.79390653153958
165,411,4,CERRO LARGO,11,PAYSANDU,61,17048887,84698,26828524,113107,444740,17.104976207843436,13.005245120733424
166,511,5,COLONIA,11,PAYSANDU,71,43788749,123203,26828524,113107,251003,17.104976207843436,12.43322017023373
167,611,6,DURAZNO,11,PAYSANDU,59,13023942,57084,26828524,113107,256355,17.104976207843436,12.454318481605211
168,711,7,FLORES,11,PAYSANDU,30,7284124,25050,26828524,113107,187006,17.104976207843436,12.13889598088349
169,811,8,FLORIDA,11,PAYSANDU,47,17767290,67047,26828524,113107,311295,17.104976207843436,12.64849629462387
170,911,9,LAVALLEJA,11,PAYSANDU,28,15594153,58815,26828524,113107,422158,17.104976207843436,12.953134930528059
171,1011,10,MALDONADO,11,PAYSANDU,95,51311595,164298,26828524,113107,457848,17.104976207843436,13.034292530283462
172,1211,12,RIO NEGRO,11,PAYSANDU,516,24297744,54765,26828524,113107,78653,17.104976207843436,11.272801051433479
173,1311,13,RIVERA,11,PAYSANDU,143,20212707,103473,26828524,113107,340542,17.104976207843436,12.738293744982585
174,1411,14,ROCHA,11,PAYSANDU,32,17547856,68088,26828524,113107,536213,17.104976207843436,13.192286749174917
175,1511,15,SALTO,11,PAYSANDU,564,25542275,124861,26828524,113107,121840,17.104976207843436,11.710463987569044
176,1611,16,SAN JOSE,11,PAYSANDU,59,26930981,108304,26828524,113107,306531,17.104976207843436,12.633074171168863
177,1711,17,SORIANO,11,PAYSANDU,181,22993631,82594,26828524,113107,145587,17.104976207843436,11.888529125044231
178,1811,18,TACUAREMBO,11,PAYSANDU,261,18093592,90051,26828524,113107,240570,17.104976207843436,12.390766386469185
179,1911,19,TREINTA Y TRES,11,PAYSANDU,16,11720592,48134,26828524,113107,454655,17.104976207843436,13.027294168564168
180,112,1,MONTEVIDEO,12,RIO NEGRO,886,465848031,1318755,24297744,54765,314778,17.00589406449475,12.659622907441593
181,212,2,ARTIGAS,12,RIO NEGRO,57,14214980,73377,24297744,54765,380389,17.00589406449475,12.848949692305721
182,312,3,CANELONES,12,RIO NEGRO,154,86306492,520173,24297744,54765,313049,17.00589406449475,12.654115006790459
183,412,4,CERRO LARGO,12,RIO NEGRO,41,17048887,84698,24297744,54765,486392,17.00589406449475,13.094770162130414
184,512,5,COLONIA,12,RIO NEGRO,88,43788749,123203,24297744,54765,173120,17.00589406449475,12.061740274640254
185,612,6,DURAZNO,12,RIO NEGRO,62,13023942,57084,24297744,54765,235479,17.00589406449475,12.36937701648803
186,712,7,FLORES,12,RIO NEGRO,36,7284124,25050,24297744,54765,166130,17.00589406449475,12.020525893380524
187,812,8,FLORIDA,12,RIO NEGRO,30,17767290,67047,24297744,54765,290419,17.00589406449475,12.57907998678977
188,912,9,LAVALLEJA,12,RIO NEGRO,11,15594153,58815,24297744,54765,401282,17.00589406449475,12.902419701025254
189,1012,10,MALDONADO,12,RIO NEGRO,95,51311595,164298,24297744,54765,424528,17.00589406449475,12.958733242511164
190,1112,11,PAYSANDU,12,RIO NEGRO,640,26828524,113107,24297744,54765,78653,17.00589406449475,11.272801051433479
191,1312,13,RIVERA,12,RIO NEGRO,36,20212707,103473,24297744,54765,382194,17.00589406449475,12.853683612077958
192,1412,14,ROCHA,12,RIO NEGRO,30,17547856,68088,24297744,54765,515337,17.00589406449475,13.152576334571917
193,1512,15,SALTO,12,RIO NEGRO,161,25542275,124861,24297744,54765,197614,17.00589406449475,12.194070911988577
194,1612,16,SAN JOSE,12,RIO NEGRO,55,26930981,108304,24297744,54765,255903,17.00589406449475,12.452553745408588
195,1712,17,SORIANO,12,RIO NEGRO,372,22993631,82594,24297744,54765,67704,17.00589406449475,11.122900541349942
196,1812,18,TACUAREMBO,12,RIO NEGRO,134,18093592,90051,24297744,54765,282223,17.00589406449475,12.550452817560215
197,1912,19,TREINTA Y TRES,12,RIO NEGRO,16,11720592,48134,24297744,54765,443288,17.00589406449475,13.001974950662264
198,113,1,MONTEVIDEO,13,RIVERA,1665,465848031,1318755,20212707,103473,496209,16.821822024002444,13.11475248792299
199,213,2,ARTIGAS,13,RIVERA,146,14214980,73377,20212707,103473,165820,16.821822024002444,12.01865814167021
200,313,3,CANELONES,13,RIVERA,320,86306492,520173,20212707,103473,494737,16.821822024002444,13.111781587222676
201,413,4,CERRO LARGO,13,RIVERA,145,17048887,84698,20212707,103473,240877,16.821822024002444,12.392041708743951
202,513,5,COLONIA,13,RIVERA,34,43788749,123203,20212707,103473,484791,16.821822024002444,13.091473149208486
203,613,6,DURAZNO,13,RIVERA,42,13023942,57084,20212707,103473,336662,16.821822024002444,12.726834738667124
204,713,7,FLORES,13,RIVERA,10,7284124,25050,20212707,103473,359526,16.821822024002444,12.792541776198457
205,813,8,FLORIDA,13,RIVERA,46,17767290,67047,20212707,103473,419304,16.821822024002444,12.946351472822391
206,913,9,LAVALLEJA,13,RIVERA,25,15594153,58815,20212707,103473,464966,16.821822024002444,13.049719563616652
207,1013,10,MALDONADO,13,RIVERA,117,51311595,164298,20212707,103473,533799,16.821822024002444,13.187774642589996
208,1113,11,PAYSANDU,13,RIVERA,66,26828524,113107,20212707,103473,340542,16.821822024002444,12.738293744982585
209,1213,12,RIO NEGRO,13,RIVERA,54,24297744,54765,20212707,103473,382194,16.821822024002444,12.853683612077958
210,1413,14,ROCHA,13,RIVERA,17,17547856,68088,20212707,103473,466323,16.821822024002444,13.052633806049226
211,1513,15,SALTO,13,RIVERA,97,25542275,124861,20212707,103473,286890,16.821822024002444,12.566854146011698
212,1613,16,SAN JOSE,13,RIVERA,32,26930981,108304,20212707,103473,460064,16.821822024002444,13.03912088922232
213,1713,17,SORIANO,13,RIVERA,18,22993631,82594,20212707,103473,446791,16.821822024002444,13.009846202733481
214,1813,18,TACUAREMBO,13,RIVERA,421,18093592,90051,20212707,103473,145335,16.821822024002444,11.886796701487214
215,1913,19,TREINTA Y TRES,13,RIVERA,23,11720592,48134,20212707,103473,324423,16.821822024002444,12.689803498833404
216,114,1,MONTEVIDEO,14,ROCHA,1266,465848031,1318755,17547856,68088,253583,16.680442335171204,12.443446464597967
217,214,2,ARTIGAS,14,ROCHA,47,14214980,73377,17547856,68088,623189,16.680442335171204,13.342605122548495
218,314,3,CANELONES,14,ROCHA,360,86306492,520173,17547856,68088,232421,16.680442335171204,12.356305661323328
219,414,4,CERRO LARGO,14,ROCHA,95,17048887,84698,17547856,68088,254936,16.680442335171204,12.448767812247556
220,514,5,COLONIA,14,ROCHA,35,43788749,123203,17547856,68088,398581,16.680442335171204,12.895666018790813
221,614,6,DURAZNO,14,ROCHA,61,13023942,57084,17547856,68088,299700,16.680442335171204,12.610537253304754
222,714,7,FLORES,14,ROCHA,13,7284124,25050,17547856,68088,350525,16.680442335171204,12.767187309589332
223,814,8,FLORIDA,14,ROCHA,62,17767290,67047,17547856,68088,253258,16.680442335171204,12.442164010950595
224,914,9,LAVALLEJA,14,ROCHA,150,15594153,58815,17547856,68088,153094,16.680442335171204,11.938807390805975
225,1014,10,MALDONADO,14,ROCHA,535,51311595,164298,17547856,68088,141478,16.680442335171204,11.85989950694582
226,1114,11,PAYSANDU,14,ROCHA,50,26828524,113107,17547856,68088,536210,16.680442335171204,13.192281154367645
227,1214,12,RIO NEGRO,14,ROCHA,48,24297744,54765,17547856,68088,515332,16.680442335171204,13.152566632135926
228,1314,13,RIVERA,14,ROCHA,46,20212707,103473,17547856,68088,466304,16.680442335171204,13.052593060928182
229,1514,15,SALTO,14,ROCHA,38,25542275,124861,17547856,68088,624375,16.680442335171204,13.344506428384955
230,1614,16,SAN JOSE,14,ROCHA,47,26930981,108304,17547856,68088,292086,16.680442335171204,12.584803558435702
231,1714,17,SORIANO,14,ROCHA,46,22993631,82594,17547856,68088,464623,16.680442335171204,13.048981603043611
232,1814,18,TACUAREMBO,14,ROCHA,35,18093592,90051,17547856,68088,410599,16.680442335171204,12.925372348103702
233,1914,19,TREINTA Y TRES,14,ROCHA,174,11720592,48134,17547856,68088,149488,16.680442335171204,11.914971401032737
234,115,1,MONTEVIDEO,15,SALTO,1547,465848031,1318755,25542275,124861,487011,17.05584548056092,13.096041989078632
235,215,2,ARTIGAS,15,SALTO,794,14214980,73377,25542275,124861,184479,17.05584548056092,12.12529091484639
236,315,3,CANELONES,15,SALTO,159,86306492,520173,25542275,124861,478978,17.05584548056092,13.079409946319494
237,415,4,CERRO LARGO,15,SALTO,19,17048887,84698,25542275,124861,427094,17.05584548056092,12.964759408498617
238,515,5,COLONIA,15,SALTO,68,43788749,123203,25542275,124861,369964,17.05584548056092,12.82116098258942
239,615,6,DURAZNO,15,SALTO,28,13023942,57084,25542275,124861,347922,17.05584548056092,12.759733595702917
240,715,7,FLORES,15,SALTO,17,7284124,25050,25542275,124861,305967,17.05584548056092,12.631232531981773
241,815,8,FLORIDA,15,SALTO,19,17767290,67047,25542275,124861,427819,17.05584548056092,12.966455487921435
242,915,9,LAVALLEJA,15,SALTO,15,15594153,58815,25542275,124861,543092,17.05584548056092,13.205034013662189
243,1015,10,MALDONADO,15,SALTO,98,51311595,164298,25542275,124861,574372,17.05584548056092,13.261032549009895
244,1115,11,PAYSANDU,15,SALTO,480,26828524,113107,25542275,124861,121840,17.05584548056092,11.710463987569044
245,1215,12,RIO NEGRO,15,SALTO,133,24297744,54765,25542275,124861,197614,17.05584548056092,12.194070911988577
246,1315,13,RIVERA,15,SALTO,120,20212707,103473,25542275,124861,286890,17.05584548056092,12.566854146011698
247,1415,14,ROCHA,15,SALTO,29,17547856,68088,25542275,124861,624375,17.05584548056092,13.344506428384955
248,1615,16,SAN JOSE,15,SALTO,30,26930981,108304,25542275,124861,425493,17.05584548056092,12.9610037756264
249,1715,17,SORIANO,15,SALTO,98,22993631,82594,25542275,124861,264549,17.05584548056092,12.485781768321354
250,1815,18,TACUAREMBO,15,SALTO,174,18093592,90051,25542275,124861,235321,17.05584548056092,12.368705818501914
251,1915,19,TREINTA Y TRES,15,SALTO,13,11720592,48134,25542275,124861,486989,17.05584548056092,13.095996814540637
252,116,1,MONTEVIDEO,16,SAN JOSE,4209,465848031,1318755,26930981,108304,67043,17.108787891900022,11.113089483558081
253,216,2,ARTIGAS,16,SAN JOSE,92,14214980,73377,26930981,108304,570257,17.108787891900022,13.253842415389137
254,316,3,CANELONES,16,SAN JOSE,908,86306492,520173,26930981,108304,82580,17.108787891900022,11.321522799440082
255,416,4,CERRO LARGO,16,SAN JOSE,49,17048887,84698,26930981,108304,417393,17.108787891900022,12.941783503000662
256,516,5,COLONIA,16,SAN JOSE,269,43788749,123203,26930981,108304,123289,17.108787891900022,11.7222864718718
257,616,6,DURAZNO,16,SAN JOSE,124,13023942,57084,26930981,108304,174995,17.108787891900022,12.07251268106891
258,716,7,FLORES,16,SAN JOSE,116,7284124,25050,26930981,108304,120843,17.108787891900022,11.702247461408927
259,816,8,FLORIDA,16,SAN JOSE,321,17767290,67047,26930981,108304,96337,17.108787891900022,11.475607739985847
260,916,9,LAVALLEJA,16,SAN JOSE,45,15594153,58815,26930981,108304,175952,17.108787891900022,12.077966509550716
261,1016,10,MALDONADO,16,SAN JOSE,131,51311595,164298,26930981,108304,191104,17.108787891900022,12.160573061458807
262,1116,11,PAYSANDU,16,SAN JOSE,116,26828524,113107,26930981,108304,306528,17.108787891900022,12.63306438418262
263,1216,12,RIO NEGRO,16,SAN JOSE,107,24297744,54765,26930981,108304,256065,17.108787891900022,12.453186597482963
264,1316,13,RIVERA,16,SAN JOSE,99,20212707,103473,26930981,108304,460065,17.108787891900022,13.039123062830585
265,1416,14,ROCHA,16,SAN JOSE,45,17547856,68088,26930981,108304,292085,17.108787891900022,12.584800134780641
266,1516,15,SALTO,16,SAN JOSE,99,25542275,124861,26930981,108304,425489,17.108787891900022,12.960994374722503
267,1716,17,SORIANO,16,SAN JOSE,147,22993631,82594,26930981,108304,197984,17.108787891900022,12.195941498330715
268,1816,18,TACUAREMBO,16,SAN JOSE,88,18093592,90051,26930981,108304,323665,17.108787891900022,12.687464309261507
269,1916,19,TREINTA Y TRES,16,SAN JOSE,28,11720592,48134,26930981,108304,317293,17.108787891900022,12.66758091618706
270,117,1,MONTEVIDEO,17,SORIANO,1173,465848031,1318755,22993631,82594,256697,16.95072782250245,12.455651679997018
271,217,2,ARTIGAS,17,SORIANO,24,14214980,73377,22993631,82594,447323,16.95072782250245,13.01103620772788
272,317,3,CANELONES,17,SORIANO,154,86306492,520173,22993631,82594,254967,16.95072782250245,12.448889404001433
273,417,4,CERRO LARGO,17,SORIANO,34,17048887,84698,22993631,82594,468723,16.95072782250245,13.057767254607814
274,517,5,COLONIA,17,SORIANO,513,43788749,123203,22993631,82594,115038,16.95072782250245,11.653017787546446
275,617,6,DURAZNO,17,SORIANO,32,13023942,57084,22993631,82594,195675,16.95072782250245,12.18421039867304
276,717,7,FLORES,17,SORIANO,85,7284124,25050,22993631,82594,126326,16.95072782250245,11.74662114621823
277,817,8,FLORIDA,17,SORIANO,51,17767290,67047,22993631,82594,250615,16.95072782250245,12.431673175997558
278,917,9,LAVALLEJA,17,SORIANO,11,15594153,58815,22993631,82594,348339,16.95072782250245,12.760931422523202
279,1017,10,MALDONADO,17,SORIANO,110,51311595,164298,22993631,82594,366446,16.95072782250245,12.81160644975342
280,1117,11,PAYSANDU,17,SORIANO,98,26828524,113107,22993631,82594,145586,16.95072782250245,11.888522256275492
281,1217,12,RIO NEGRO,17,SORIANO,270,24297744,54765,22993631,82594,67703,16.95072782250245,11.122885771064801
282,1317,13,RIVERA,17,SORIANO,25,20212707,103473,22993631,82594,446791,16.95072782250245,13.009846202733481
283,1417,14,ROCHA,17,SORIANO,18,17547856,68088,22993631,82594,464472,16.95072782250245,13.048656555548297
284,1517,15,SALTO,17,SORIANO,75,25542275,124861,22993631,82594,264548,16.95072782250245,12.48577798829614
285,1617,16,SAN JOSE,17,SORIANO,112,26930981,108304,22993631,82594,197822,16.95072782250245,12.195122915443918
286,1817,18,TACUAREMBO,17,SORIANO,72,18093592,90051,22993631,82594,317181,16.95072782250245,12.66722786783153
287,1917,19,TREINTA Y TRES,17,SORIANO,25,11720592,48134,22993631,82594,408958,16.95072782250245,12.92136774026546
288,118,1,MONTEVIDEO,18,TACUAREMBO,1421,465848031,1318755,18093592,90051,359810,16.71106840040235,12.7933313933308
289,218,2,ARTIGAS,18,TACUAREMBO,100,14214980,73377,18093592,90051,254949,16.71106840040235,12.448818804137897
290,318,3,CANELONES,18,TACUAREMBO,251,86306492,520173,18093592,90051,351000,16.71106840040235,12.768541502448002
291,418,4,CERRO LARGO,18,TACUAREMBO,135,17048887,84698,18093592,90051,249485,16.71106840040235,12.427154072125935
292,518,5,COLONIA,18,TACUAREMBO,34,43788749,123203,18093592,90051,348391,16.71106840040235,12.761080691250244
293,618,6,DURAZNO,18,TACUAREMBO,212,13023942,57084,18093592,90051,200263,16.71106840040235,12.207386781674904
294,718,7,FLORES,18,TACUAREMBO,29,7284124,25050,18093592,90051,223127,16.71106840040235,12.315496395061302
295,818,8,FLORIDA,18,TACUAREMBO,68,17767290,67047,18093592,90051,282905,16.71106840040235,12.552866431223258
296,918,9,LAVALLEJA,18,TACUAREMBO,45,15594153,58815,18093592,90051,354205,16.71106840040235,12.7776311205497
297,1018,10,MALDONADO,18,TACUAREMBO,71,51311595,164298,18093592,90051,420028,16.71106840040235,12.948076654704094
298,1118,11,PAYSANDU,18,TACUAREMBO,229,26828524,113107,18093592,90051,240570,16.71106840040235,12.390766386469185
299,1218,12,RIO NEGRO,18,TACUAREMBO,89,24297744,54765,18093592,90051,282223,16.71106840040235,12.550452817560215
300,1318,13,RIVERA,18,TACUAREMBO,546,20212707,103473,18093592,90051,145335,16.71106840040235,11.886796701487214
301,1418,14,ROCHA,18,TACUAREMBO,21,17547856,68088,18093592,90051,410599,16.71106840040235,12.925372348103702
302,1518,15,SALTO,18,TACUAREMBO,166,25542275,124861,18093592,90051,235321,16.71106840040235,12.368705818501914
303,1618,16,SAN JOSE,18,TACUAREMBO,53,26930981,108304,18093592,90051,323664,16.71106840040235,12.687461219642472
304,1718,17,SORIANO,18,TACUAREMBO,41,22993631,82594,18093592,90051,317181,16.71106840040235,12.66722786783153
305,1918,19,TREINTA Y TRES,18,TACUAREMBO,38,11720592,48134,18093592,90051,300533,16.71106840040235,12.61331284389967
306,119,1,MONTEVIDEO,19,TREINTA Y TRES,760,465848031,1318755,11720592,48134,288238,16.276857852782847,12.571541806735675
307,219,2,ARTIGAS,19,TREINTA Y TRES,5,14214980,73377,11720592,48134,481308,16.276857852782847,13.084262676802762
308,319,3,CANELONES,19,TREINTA Y TRES,124,86306492,520173,11720592,48134,265708,16.276857852782847,12.490153240440288
309,419,4,CERRO LARGO,19,TREINTA Y TRES,476,17048887,84698,11720592,48134,109230,16.276857852782847,11.60121102983759
310,519,5,COLONIA,19,TREINTA Y TRES,23,43788749,123203,11720592,48134,412983,16.276857852782847,12.931161708868379
311,619,6,DURAZNO,19,TREINTA Y TRES,77,13023942,57084,11720592,48134,217352,16.276857852782847,12.289273438122935
312,719,7,FLORES,19,TREINTA Y TRES,14,7284124,25050,11720592,48134,287718,16.276857852782847,12.569736112754574
313,819,8,FLORIDA,19,TREINTA Y TRES,64,17767290,67047,11720592,48134,238184,16.276857852782847,12.380798763202296
314,919,9,LAVALLEJA,19,TREINTA Y TRES,221,15594153,58815,11720592,48134,163121,16.276857852782847,12.002247535685651
315,1019,10,MALDONADO,19,TREINTA Y TRES,259,51311595,164298,11720592,48134,216983,16.276857852782847,12.287574288439954
316,1119,11,PAYSANDU,19,TREINTA Y TRES,25,26828524,113107,11720592,48134,454655,16.276857852782847,13.027294168564168
317,1219,12,RIO NEGRO,19,TREINTA Y TRES,9,24297744,54765,11720592,48134,443288,16.276857852782847,13.001974950662264
318,1319,13,RIVERA,19,TREINTA Y TRES,57,20212707,103473,11720592,48134,324423,16.276857852782847,12.689803498833404
319,1419,14,ROCHA,19,TREINTA Y TRES,162,17547856,68088,11720592,48134,149507,16.276857852782847,11.915098493459203
320,1519,15,SALTO,19,TREINTA Y TRES,8,25542275,124861,11720592,48134,486989,16.276857852782847,13.095996814540637
321,1619,16,SAN JOSE,19,TREINTA Y TRES,23,26930981,108304,11720592,48134,317293,16.276857852782847,12.66758091618706
322,1719,17,SORIANO,19,TREINTA Y TRES,16,22993631,82594,11720592,48134,408958,16.276857852782847,12.92136774026546
323,1819,18,TACUAREMBO,19,TREINTA Y TRES,32,18093592,90051,11720592,48134,300532,16.276857852782847,12.61330951647252
324,201,2,ARTIGAS,1,MONTEVIDEO,2395,14214980,73377,465848031,1318755,610726,19.959370025169367,13.322403692400275
325,301,3,CANELONES,1,MONTEVIDEO,11162,86306492,520173,465848031,1318755,22512,19.959370025169367,10.02180377935417
326,401,4,CERRO LARGO,1,MONTEVIDEO,1805,17048887,84698,465848031,1318755,393668,19.959370025169367,12.883263193465858
327,501,5,COLONIA,1,MONTEVIDEO,2690,43788749,123203,465848031,1318755,172798,19.959370025169367,12.059878561211038
328,601,6,DURAZNO,1,MONTEVIDEO,1610,13023942,57084,465848031,1318755,198970,19.959370025169367,12.200909338573293
329,701,7,FLORES,1,MONTEVIDEO,735,7284124,25050,465848031,1318755,182359,19.959370025169367,12.113732550653646
330,801,8,FLORIDA,1,MONTEVIDEO,1420,17767290,67047,465848031,1318755,102030,19.959370025169367,11.533022166669351
331,901,9,LAVALLEJA,1,MONTEVIDEO,1264,15594153,58815,465848031,1318755,135968,19.959370025169367,11.820174842914538
332,1001,10,MALDONADO,1,MONTEVIDEO,2333,51311595,164298,465848031,1318755,124158,19.959370025169367,11.729310227039884
333,1101,11,PAYSANDU,1,MONTEVIDEO,2096,26828524,113107,465848031,1318755,368043,19.959370025169367,12.81595505815098
334,1201,12,RIO NEGRO,1,MONTEVIDEO,1219,24297744,54765,465848031,1318755,314799,19.959370025169367,12.659689618900263
335,1301,13,RIVERA,1,MONTEVIDEO,2390,20212707,103473,465848031,1318755,496211,19.959370025169367,13.114756518474572
336,1401,14,ROCHA,1,MONTEVIDEO,1435,17547856,68088,465848031,1318755,253600,19.959370025169367,12.443513501545208
337,1501,15,SALTO,1,MONTEVIDEO,2481,25542275,124861,465848031,1318755,487005,19.959370025169367,13.096029668952474
338,1601,16,SAN JOSE,1,MONTEVIDEO,1852,26930981,108304,465848031,1318755,67064,19.959370025169367,11.113402666317693
339,1701,17,SORIANO,1,MONTEVIDEO,1922,22993631,82594,465848031,1318755,256719,19.959370025169367,12.455737380481667
340,1801,18,TACUAREMBO,1,MONTEVIDEO,2611,18093592,90051,465848031,1318755,359811,19.959370025169367,12.793334172571539
341,1901,19,TREINTA Y TRES,1,MONTEVIDEO,1024,11720592,48134,465848031,1318755,288219,19.959370025169367,12.57147588681448
