cod,depto_origen,nom_depto_orig,depto_destino,nom_depto_des,personas_mig,pbi_origen,pob_origen,pbi_destino,pob_destino,dist,log_pbi_destino,log_dist
102,1,MONTEVIDEO,2,ARTIGAS,914,465848031,1318755,14214980,73377,610726,16.469806896101773,13.322403692400275
302,3,CANELONES,2,ARTIGAS,74,86306492,520173,14214980,73377,601915,16.469806896101773,13.307871518308573
402,4,CERRO LARGO,2,ARTIGAS,15,17048887,84698,14214980,73377,406694,16.469806896101773,12.915816338897384
502,5,COLONIA,2,ARTIGAS,28,43788749,123203,14214980,73377,556292,16.469806896101773,13.229048615230159
602,6,DURAZNO,2,ARTIGAS,32,13023942,57084,14214980,73377,446123,16.469806896101773,13.008349977733939
702,7,FLORES,2,ARTIGAS,2,7284124,25050,14214980,73377,450690,16.469806896101773,13.01853502072458
802,8,FLORIDA,2,ARTIGAS,13,17767290,67047,14214980,73377,533821,16.469806896101773,13.187815855755735
902,9,LAVALLEJA,2,ARTIGAS,7,15594153,58815,14214980,73377,593134,16.469806896101773,13.293175622098437
1002,10,MALDONADO,2,ARTIGAS,46,51311595,164298,14214980,73377,658957,16.469806896101773,13.398413560976383
1102,11,PAYSANDU,2,ARTIGAS,75,26828524,113107,14214980,73377,304617,16.469806896101773,12.626810528785368
1202,12,RIO NEGRO,2,ARTIGAS,30,24297744,54765,14214980,73377,380391,16.469806896101773,12.848954950067492
1302,13,RIVERA,2,ARTIGAS,102,20212707,103473,14214980,73377,165823,16.469806896101773,12.01867623341344
1402,14,ROCHA,2,ARTIGAS,8,17547856,68088,14214980,73377,623208,16.469806896101773,13.342635610426758
1502,15,SALTO,2,ARTIGAS,380,25542275,124861,14214980,73377,184479,16.469806896101773,12.12529091484639
1602,16,SAN JOSE,2,ARTIGAS,15,26930981,108304,14214980,73377,570207,16.469806896101773,13.253754731779601
1702,17,SORIANO,2,ARTIGAS,9,22993631,82594,14214980,73377,447326,16.469806896101773,13.011042914268657
1802,18,TACUAREMBO,2,ARTIGAS,50,18093592,90051,14214980,73377,254949,16.469806896101773,12.448818804137897
1902,19,TREINTA Y TRES,2,ARTIGAS,10,11720592,48134,14214980,73377,481308,16.469806896101773,13.084262676802762
103,1,MONTEVIDEO,3,CANELONES,33127,465848031,1318755,86306492,520173,22544,18.273415379180292,10.023224234138462
203,2,ARTIGAS,3,CANELONES,536,14214980,73377,86306492,520173,601915,18.273415379180292,13.307871518308573
403,4,CERRO LARGO,3,CANELONES,435,17048887,84698,86306492,520173,371156,18.273415379180292,12.824377738385657
503,5,COLONIA,3,CANELONES,366,43788749,123203,86306492,520173,189992,18.273415379180292,12.154737244993013
603,6,DURAZNO,3,CANELONES,466,13023942,57084,86306492,520173,190058,18.273415379180292,12.1550845677172
703,7,FLORES,3,CANELONES,162,7284124,25050,86306492,520173,174329,18.273415379180292,12.068699597473461
803,8,FLORIDA,3,CANELONES,892,17767290,67047,86306492,520173,88131,18.273415379180292,11.386579622903268
903,9,LAVALLEJA,3,CANELONES,446,15594153,58815,86306492,520173,114784,18.273415379180292,11.65080738033201
1003,10,MALDONADO,3,CANELONES,862,51311595,164298,86306492,520173,113400,18.273415379180292,11.638676670275789
1103,11,PAYSANDU,3,CANELONES,434,26828524,113107,86306492,520173,360009,18.273415379180292,12.793884310119799
1203,12,RIO NEGRO,3,CANELONES,316,24297744,54765,86306492,520173,313213,18.273415379180292,12.654638749261657
1303,13,RIVERA,3,CANELONES,584,20212707,103473,86306492,520173,487219,18.273415379180292,13.096468992975373
1403,14,ROCHA,3,CANELONES,407,17547856,68088,86306492,520173,232418,18.273415379180292,12.356292753628404
1503,15,SALTO,3,CANELONES,543,25542275,124861,86306492,520173,478972,18.273415379180292,13.079397419569663
1603,16,SAN JOSE,3,CANELONES,689,26930981,108304,86306492,520173,82580,18.273415379180292,11.321522799440082
1703,17,SORIANO,3,CANELONES,293,22993631,82594,86306492,520173,255131,18.273415379180292,12.449532417718995
1803,18,TACUAREMBO,3,CANELONES,596,18093592,90051,86306492,520173,350845,18.273415379180292,12.768099809474426
1903,19,TREINTA Y TRES,3,CANELONES,259,11720592,48134,86306492,520173,265708,18.273415379180292,12.490153240440288
104,1,MONTEVIDEO,4,CERRO LARGO,1387,465848031,1318755,17048887,84698,393703,16.651595480970684,12.883352096918037
204,2,ARTIGAS,4,CERRO LARGO,20,14214980,73377,17048887,84698,406688,16.651595480970684,12.915801585681796
304,3,CANELONES,4,CERRO LARGO,274,86306492,520173,17048887,84698,371159,16.651595480970684,12.82438582120764
504,5,COLONIA,4,CERRO LARGO,20,43788749,123203,17048887,84698,472743,16.651595480970684,13.066307179430646
604,6,DURAZNO,4,CERRO LARGO,64,13023942,57084,17048887,84698,277112,16.651595480970684,12.532177035579231
704,7,FLORES,4,CERRO LARGO,13,7284124,25050,17048887,84698,347479,16.651595480970684,12.758459510506242
804,8,FLORIDA,4,CERRO LARGO,37,17767290,67047,17048887,84698,335796,16.651595480970684,12.724259111702338
904,9,LAVALLEJA,4,CERRO LARGO,64,15594153,58815,17048887,84698,268569,16.651595480970684,12.500863143156742
1004,10,MALDONADO,4,CERRO LARGO,208,51311595,164298,17048887,84698,322429,16.651595480970684,12.683638235941526
1104,11,PAYSANDU,4,CERRO LARGO,35,26828524,113107,17048887,84698,444743,16.651595480970684,13.005251866224905
1204,12,RIO NEGRO,4,CERRO LARGO,20,24297744,54765,17048887,84698,486397,16.651595480970684,13.094780441851915
1304,13,RIVERA,4,CERRO LARGO,162,20212707,103473,17048887,84698,240871,16.651595480970684,12.392016799455277
1404,14,ROCHA,4,CERRO LARGO,59,17547856,68088,17048887,84698,254955,16.651595480970684,12.448842337979562
1504,15,SALTO,4,CERRO LARGO,18,25542275,124861,17048887,84698,427098,16.651595480970684,12.964768774074505
1604,16,SAN JOSE,4,CERRO LARGO,31,26930981,108304,17048887,84698,417390,16.651595480970684,12.941776315504033
1704,17,SORIANO,4,CERRO LARGO,12,22993631,82594,17048887,84698,468718,16.651595480970684,13.057756587269816
1804,18,TACUAREMBO,4,CERRO LARGO,168,18093592,90051,17048887,84698,249464,16.651595480970684,12.427069895185959
1904,19,TREINTA Y TRES,4,CERRO LARGO,409,11720592,48134,17048887,84698,109230,16.651595480970684,11.60121102983759
105,1,MONTEVIDEO,5,COLONIA,2100,465848031,1318755,43788749,123203,172773,17.594887470203254,12.05973387314379
205,2,ARTIGAS,5,COLONIA,167,14214980,73377,43788749,123203,556293,17.594887470203254,13.229050412845622
305,3,CANELONES,5,COLONIA,422,86306492,520173,43788749,123203,189989,17.594887470203254,12.154721454729817
405,4,CERRO LARGO,5,COLONIA,63,17048887,84698,43788749,123203,472743,17.594887470203254,13.066307179430646
605,6,DURAZNO,5,COLONIA,70,13023942,57084,43788749,123203,199701,17.594887470203254,12.204576526902637
705,7,FLORES,5,COLONIA,86,7284124,25050,43788749,123203,125265,17.594887470203254,11.738186772255439
805,8,FLORIDA,5,COLONIA,107,17767290,67047,43788749,123203,194958,17.594887470203254,12.180539429731901
905,9,LAVALLEJA,5,COLONIA,39,15594153,58815,43788749,123203,280946,17.594887470203254,12.5459177590302
1005,10,MALDONADO,5,COLONIA,196,51311595,164298,43788749,123203,296919,17.594887470203254,12.601214653315264
1105,11,PAYSANDU,5,COLONIA,151,26828524,113107,43788749,123203,251003,17.594887470203254,12.43322017023373
1205,12,RIO NEGRO,5,COLONIA,176,24297744,54765,43788749,123203,173120,17.594887470203254,12.061740274640254
1305,13,RIVERA,5,COLONIA,77,20212707,103473,43788749,123203,484612,17.594887470203254,13.091103849748851
1405,14,ROCHA,5,COLONIA,49,17547856,68088,43788749,123203,398581,17.594887470203254,12.895666018790813
1505,15,SALTO,5,COLONIA,134,25542275,124861,43788749,123203,369966,17.594887470203254,12.821166388506196
1605,16,SAN JOSE,5,COLONIA,452,26930981,108304,43788749,123203,123292,17.594887470203254,11.722310804646833
1705,17,SORIANO,5,COLONIA,1053,22993631,82594,43788749,123203,115038,17.594887470203254,11.653017787546446
1805,18,TACUAREMBO,5,COLONIA,79,18093592,90051,43788749,123203,348238,17.594887470203254,12.760641433044054
1905,19,TREINTA Y TRES,5,COLONIA,41,11720592,48134,43788749,123203,412983,17.594887470203254,12.931161708868379
106,1,MONTEVIDEO,6,DURAZNO,982,465848031,1318755,13023942,57084,198970,16.38229991389759,12.200909338573293
206,2,ARTIGAS,6,DURAZNO,33,14214980,73377,13023942,57084,446123,16.38229991389759,13.008349977733939
306,3,CANELONES,6,DURAZNO,223,86306492,520173,13023942,57084,190159,16.38229991389759,12.155615843290757
406,4,CERRO LARGO,6,DURAZNO,67,17048887,84698,13023942,57084,277112,16.38229991389759,12.532177035579231
506,5,COLONIA,6,DURAZNO,63,43788749,123203,13023942,57084,199701,16.38229991389759,12.204576526902637
706,7,FLORES,6,DURAZNO,90,7284124,25050,13023942,57084,74436,16.38229991389759,11.217694974761118
806,8,FLORIDA,6,DURAZNO,307,17767290,67047,13023942,57084,121653,16.38229991389759,11.708928008820047
906,9,LAVALLEJA,6,DURAZNO,29,15594153,58815,13023942,57084,202724,16.38229991389759,12.219600727009865
1006,10,MALDONADO,6,DURAZNO,75,51311595,164298,13023942,57084,260814,16.38229991389759,12.471562788575458
1106,11,PAYSANDU,6,DURAZNO,55,26828524,113107,13023942,57084,256355,16.38229991389759,12.454318481605211
1206,12,RIO NEGRO,6,DURAZNO,54,24297744,54765,13023942,57084,235480,16.38229991389759,12.369381263142198
1306,13,RIVERA,6,DURAZNO,50,20212707,103473,13023942,57084,336484,16.38229991389759,12.726305878645231
1406,14,ROCHA,6,DURAZNO,18,17547856,68088,13023942,57084,299700,16.38229991389759,12.610537253304754
1506,15,SALTO,6,DURAZNO,14,25542275,124861,13023942,57084,347978,16.38229991389759,12.75989453836744
1606,16,SAN JOSE,6,DURAZNO,59,26930981,108304,13023942,57084,174995,16.38229991389759,12.07251268106891
1706,17,SORIANO,6,DURAZNO,57,22993631,82594,13023942,57084,195676,16.38229991389759,12.184215509174864
1806,18,TACUAREMBO,6,DURAZNO,304,18093592,90051,13023942,57084,200110,16.38229991389759,12.206622494335608
1906,19,TREINTA Y TRES,6,DURAZNO,91,11720592,48134,13023942,57084,217352,16.38229991389759,12.289273438122935
107,1,MONTEVIDEO,7,FLORES,378,465848031,1318755,7284124,25050,182361,15.801207743298134,12.11374351797104
207,2,ARTIGAS,7,FLORES,21,14214980,73377,7284124,25050,450737,15.801207743298134,13.018639299828806
307,3,CANELONES,7,FLORES,82,86306492,520173,7284124,25050,174329,15.801207743298134,12.068699597473461
407,4,CERRO LARGO,7,FLORES,5,17048887,84698,7284124,25050,347479,15.801207743298134,12.758459510506242
507,5,COLONIA,7,FLORES,69,43788749,123203,7284124,25050,125265,15.801207743298134,11.738186772255439
607,6,DURAZNO,7,FLORES,149,13023942,57084,7284124,25050,74436,15.801207743298134,11.217694974761118
807,8,FLORIDA,7,FLORES,84,17767290,67047,7284124,25050,125607,15.801207743298134,11.740913263947315
907,9,LAVALLEJA,7,FLORES,17,15594153,58815,7284124,25050,236470,15.801207743298134,12.373576628973705
1007,10,MALDONADO,7,FLORES,58,51311595,164298,7284124,25050,272152,15.801207743298134,12.514116012723823
1107,11,PAYSANDU,7,FLORES,29,26828524,113107,7284124,25050,187006,15.801207743298134,12.13889598088349
1207,12,RIO NEGRO,7,FLORES,77,24297744,54765,7284124,25050,166130,15.801207743298134,12.020525893380524
1307,13,RIVERA,7,FLORES,22,20212707,103473,7284124,25050,359348,15.801207743298134,12.792046557276537
1407,14,ROCHA,7,FLORES,7,17547856,68088,7284124,25050,350524,15.801207743298134,12.7671844567217
1507,15,SALTO,7,FLORES,20,25542275,124861,7284124,25050,305969,15.801207743298134,12.631239068613056
1607,16,SAN JOSE,7,FLORES,122,26930981,108304,7284124,25050,120843,15.801207743298134,11.702247461408927
1707,17,SORIANO,7,FLORES,90,22993631,82594,7284124,25050,126326,15.801207743298134,11.74662114621823
1807,18,TACUAREMBO,7,FLORES,79,18093592,90051,7284124,25050,222974,15.801207743298134,12.314810451716637
1907,19,TREINTA Y TRES,7,FLORES,2,11720592,48134,7284124,25050,287718,15.801207743298134,12.569736112754574
108,1,MONTEVIDEO,8,FLORIDA,1026,465848031,1318755,17767290,67047,102030,16.692869684280286,11.533022166669351
208,2,ARTIGAS,8,FLORIDA,40,14214980,73377,17767290,67047,533821,16.692869684280286,13.187815855755735
308,3,CANELONES,8,FLORIDA,670,86306492,520173,17767290,67047,88131,16.692869684280286,11.386579622903268
408,4,CERRO LARGO,8,FLORIDA,73,17048887,84698,17767290,67047,335796,16.692869684280286,12.724259111702338
508,5,COLONIA,8,FLORIDA,53,43788749,123203,17767290,67047,194958,16.692869684280286,12.180539429731901
608,6,DURAZNO,8,FLORIDA,404,13023942,57084,17767290,67047,121653,16.692869684280286,11.708928008820047
708,7,FLORES,8,FLORIDA,76,7284124,25050,17767290,67047,125607,16.692869684280286,11.740913263947315
908,9,LAVALLEJA,8,FLORIDA,138,15594153,58815,17767290,67047,130899,16.692869684280286,11.782181312449406
1008,10,MALDONADO,8,FLORIDA,121,51311595,164298,17767290,67047,166582,16.692869684280286,12.023242959660504
1108,11,PAYSANDU,8,FLORIDA,57,26828524,113107,17767290,67047,311287,16.692869684280286,12.64847059519793
1208,12,RIO NEGRO,8,FLORIDA,27,24297744,54765,17767290,67047,290411,16.692869684280286,12.579052440003274
1308,13,RIVERA,8,FLORIDA,63,20212707,103473,17767290,67047,419126,16.692869684280286,12.945926869688737
1408,14,ROCHA,8,FLORIDA,45,17547856,68088,17767290,67047,253255,16.692869684280286,12.442152165252656
1508,15,SALTO,8,FLORIDA,48,25542275,124861,17767290,67047,427875,16.692869684280286,12.966586375832486
1608,16,SAN JOSE,8,FLORIDA,252,26930981,108304,17767290,67047,96337,16.692869684280286,11.475607739985847
1708,17,SORIANO,8,FLORIDA,40,22993631,82594,17767290,67047,250607,16.692869684280286,12.431641254014881
1808,18,TACUAREMBO,8,FLORIDA,92,18093592,90051,17767290,67047,282751,16.692869684280286,12.552321930665304
1908,19,TREINTA Y TRES,8,FLORIDA,58,11720592,48134,17767290,67047,238184,16.692869684280286,12.380798763202296
109,1,MONTEVIDEO,9,LAVALLEJA,825,465848031,1318755,15594153,58815,134424,16.562406594269497,11.808754262557779
209,2,ARTIGAS,9,LAVALLEJA,15,14214980,73377,15594153,58815,593134,16.562406594269497,13.293175622098437
309,3,CANELONES,9,LAVALLEJA,403,86306492,520173,15594153,58815,114784,16.562406594269497,11.65080738033201
409,4,CERRO LARGO,9,LAVALLEJA,131,17048887,84698,15594153,58815,268550,16.562406594269497,12.500792395333605
509,5,COLONIA,9,LAVALLEJA,19,43788749,123203,15594153,58815,280944,16.562406594269497,12.545910640199113
609,6,DURAZNO,9,LAVALLEJA,67,13023942,57084,15594153,58815,202724,16.562406594269497,12.219600727009865
709,7,FLORES,9,LAVALLEJA,5,7284124,25050,15594153,58815,236470,16.562406594269497,12.373576628973705
809,8,FLORIDA,9,LAVALLEJA,163,17767290,67047,15594153,58815,130899,16.562406594269497,11.782181312449406
1009,10,MALDONADO,9,LAVALLEJA,407,51311595,164298,15594153,58815,85327,16.562406594269497,11.354246213289242
1109,11,PAYSANDU,9,LAVALLEJA,37,26828524,113107,15594153,58815,422149,16.562406594269497,12.953113611268593
1209,12,RIO NEGRO,9,LAVALLEJA,15,24297744,54765,15594153,58815,401274,16.562406594269497,12.902399764721743
1309,13,RIVERA,9,LAVALLEJA,49,20212707,103473,15594153,58815,464972,16.562406594269497,13.04973246770273
1409,14,ROCHA,9,LAVALLEJA,130,17547856,68088,15594153,58815,153094,16.562406594269497,11.938807390805975
1509,15,SALTO,9,LAVALLEJA,20,25542275,124861,15594153,58815,543148,16.562406594269497,13.205137121631054
1609,16,SAN JOSE,9,LAVALLEJA,44,26930981,108304,15594153,58815,174449,16.562406594269497,12.06938771429697
1709,17,SORIANO,9,LAVALLEJA,33,22993631,82594,15594153,58815,347001,16.562406594269497,12.757082940769225
1809,18,TACUAREMBO,9,LAVALLEJA,50,18093592,90051,15594153,58815,354035,16.562406594269497,12.777151057285087
1909,19,TREINTA Y TRES,9,LAVALLEJA,172,11720592,48134,15594153,58815,163101,16.562406594269497,12.002124919798158
110,1,MONTEVIDEO,10,MALDONADO,3914,465848031,1318755,51311595,164298,124272,17.753427307993373,11.73022799065943
210,2,ARTIGAS,10,MALDONADO,472,14214980,73377,51311595,164298,658957,17.753427307993373,13.398413560976383
310,3,CANELONES,10,MALDONADO,1345,86306492,520173,51311595,164298,113438,17.753427307993373,11.639011711145091
410,4,CERRO LARGO,10,MALDONADO,810,17048887,84698,51311595,164298,322406,17.753427307993373,12.683566899863274
510,5,COLONIA,10,MALDONADO,309,43788749,123203,51311595,164298,296954,17.753427307993373,12.601332523634476
610,6,DURAZNO,10,MALDONADO,198,13023942,57084,51311595,164298,260638,17.753427307993373,12.470887750387156
710,7,FLORES,10,MALDONADO,79,7284124,25050,51311595,164298,272160,17.753427307993373,12.51414540762969
810,8,FLORIDA,10,MALDONADO,310,17767290,67047,51311595,164298,166590,17.753427307993373,12.023290982903763
910,9,LAVALLEJA,10,MALDONADO,936,15594153,58815,51311595,164298,86435,17.753427307993373,11.367147965356887
1110,11,PAYSANDU,10,MALDONADO,420,26828524,113107,51311595,164298,457840,17.753427307993373,13.034275057082985
1210,12,RIO NEGRO,10,MALDONADO,223,24297744,54765,51311595,164298,424153,17.753427307993373,12.957849518180335
1310,13,RIVERA,10,MALDONADO,227,20212707,103473,51311595,164298,533774,17.753427307993373,13.187727807385276
1410,14,ROCHA,10,MALDONADO,952,17547856,68088,51311595,164298,141481,17.753427307993373,11.859920711431277
1510,15,SALTO,10,MALDONADO,484,25542275,124861,51311595,164298,574428,17.753427307993373,13.261130042046185
1610,16,SAN JOSE,10,MALDONADO,230,26930981,108304,51311595,164298,191221,17.753427307993373,12.16118510620426
1710,17,SORIANO,10,MALDONADO,335,22993631,82594,51311595,164298,366071,17.753427307993373,12.810582582641095
1810,18,TACUAREMBO,10,MALDONADO,363,18093592,90051,51311595,164298,419858,17.753427307993373,12.947671837854376
1910,19,TREINTA Y TRES,10,MALDONADO,776,11720592,48134,51311595,164298,216958,17.753427307993373,12.287459065402594
111,1,MONTEVIDEO,11,PAYSANDU,1075,465848031,1318755,26828524,113107,367994,17.104976207843436,12.815821912670325
211,2,ARTIGAS,11,PAYSANDU,200,14214980,73377,26828524,113107,304617,17.104976207843436,12.626810528785368
311,3,CANELONES,11,PAYSANDU,148,86306492,520173,26828524,113107,359961,17.104976207843436,12.79375097123048
411,4,CERRO LARGO,11,PAYSANDU,61,17048887,84698,26828524,113107,444743,17.104976207843436,13.005251866224905
511,5,COLONIA,11,PAYSANDU,71,43788749,123203,26828524,113107,251002,17.104976207843436,12.433216186209666
611,6,DURAZNO,11,PAYSANDU,59,13023942,57084,26828524,113107,256308,17.104976207843436,12.454135125286806
711,7,FLORES,11,PAYSANDU,30,7284124,25050,26828524,113107,186959,17.104976207843436,12.138644620460736
811,8,FLORIDA,11,PAYSANDU,47,17767290,67047,26828524,113107,311240,17.104976207843436,12.648319597730866
911,9,LAVALLEJA,11,PAYSANDU,28,15594153,58815,26828524,113107,422102,17.104976207843436,12.953002269973059
1011,10,MALDONADO,11,PAYSANDU,95,51311595,164298,26828524,113107,457785,17.104976207843436,13.034154920564069
1211,12,RIO NEGRO,11,PAYSANDU,516,24297744,54765,26828524,113107,78652,17.104976207843436,11.272788337279447
1311,13,RIVERA,11,PAYSANDU,143,20212707,103473,26828524,113107,340541,17.104976207843436,12.73829080848292
1411,14,ROCHA,11,PAYSANDU,32,17547856,68088,26828524,113107,536157,17.104976207843436,13.19218230761081
1511,15,SALTO,11,PAYSANDU,564,25542275,124861,26828524,113107,121842,17.104976207843436,11.710480402404773
1611,16,SAN JOSE,11,PAYSANDU,59,26930981,108304,26828524,113107,306476,17.104976207843436,12.632894727866756
1711,17,SORIANO,11,PAYSANDU,181,22993631,82594,26828524,113107,145587,17.104976207843436,11.888529125044231
1811,18,TACUAREMBO,11,PAYSANDU,261,18093592,90051,26828524,113107,240569,17.104976207843436,12.390762229666265
1911,19,TREINTA Y TRES,11,PAYSANDU,16,11720592,48134,26828524,113107,454655,17.104976207843436,13.027294168564168
112,1,MONTEVIDEO,12,RIO NEGRO,886,465848031,1318755,24297744,54765,314776,17.00589406449475,12.659616553737225
212,2,ARTIGAS,12,RIO NEGRO,57,14214980,73377,24297744,54765,380391,17.00589406449475,12.848954950067492
312,3,CANELONES,12,RIO NEGRO,154,86306492,520173,24297744,54765,313044,17.00589406449475,12.654099034722412
412,4,CERRO LARGO,12,RIO NEGRO,41,17048887,84698,24297744,54765,486397,17.00589406449475,13.094780441851915
512,5,COLONIA,12,RIO NEGRO,88,43788749,123203,24297744,54765,173119,17.00589406449475,12.06173449828346
612,6,DURAZNO,12,RIO NEGRO,62,13023942,57084,24297744,54765,235433,17.00589406449475,12.369181650898934
712,7,FLORES,12,RIO NEGRO,36,7284124,25050,24297744,54765,166083,17.00589406449475,12.020242942380332
812,8,FLORIDA,12,RIO NEGRO,30,17767290,67047,24297744,54765,290364,17.00589406449475,12.578890587306093
912,9,LAVALLEJA,12,RIO NEGRO,11,15594153,58815,24297744,54765,401227,17.00589406449475,12.902282630911184
1012,10,MALDONADO,12,RIO NEGRO,95,51311595,164298,24297744,54765,423946,17.00589406449475,12.957361367612748
1112,11,PAYSANDU,12,RIO NEGRO,640,26828524,113107,24297744,54765,78652,17.00589406449475,11.272788337279447
1312,13,RIVERA,12,RIO NEGRO,36,20212707,103473,24297744,54765,382195,17.00589406449475,12.853686228546799
1412,14,ROCHA,12,RIO NEGRO,30,17547856,68088,24297744,54765,515282,17.00589406449475,13.152469602598117
1512,15,SALTO,12,RIO NEGRO,161,25542275,124861,24297744,54765,197616,17.00589406449475,12.194081032677795
1612,16,SAN JOSE,12,RIO NEGRO,55,26930981,108304,24297744,54765,255902,17.00589406449475,12.45254983767029
1712,17,SORIANO,12,RIO NEGRO,372,22993631,82594,24297744,54765,67704,17.00589406449475,11.122900541349942
1812,18,TACUAREMBO,12,RIO NEGRO,134,18093592,90051,24297744,54765,282223,17.00589406449475,12.550452817560215
1912,19,TREINTA Y TRES,12,RIO NEGRO,16,11720592,48134,24297744,54765,443288,17.00589406449475,13.001974950662264
113,1,MONTEVIDEO,13,RIVERA,1665,465848031,1318755,20212707,103473,496031,16.821822024002444,13.11439370375402
213,2,ARTIGAS,13,RIVERA,146,14214980,73377,20212707,103473,165817,16.821822024002444,12.018640049599663
313,3,CANELONES,13,RIVERA,320,86306492,520173,20212707,103473,487220,16.821822024002444,13.09647104543838
413,4,CERRO LARGO,13,RIVERA,145,17048887,84698,20212707,103473,240871,16.821822024002444,12.392016799455277
513,5,COLONIA,13,RIVERA,34,43788749,123203,20212707,103473,484613,16.821822024002444,13.091105913253198
613,6,DURAZNO,13,RIVERA,42,13023942,57084,20212707,103473,336484,16.821822024002444,12.726305878645231
713,7,FLORES,13,RIVERA,10,7284124,25050,20212707,103473,359348,16.821822024002444,12.792046557276537
813,8,FLORIDA,13,RIVERA,46,17767290,67047,20212707,103473,419126,16.821822024002444,12.945926869688737
913,9,LAVALLEJA,13,RIVERA,25,15594153,58815,20212707,103473,464972,16.821822024002444,13.04973246770273
1013,10,MALDONADO,13,RIVERA,117,51311595,164298,20212707,103473,533797,16.821822024002444,13.18777089585434
1113,11,PAYSANDU,13,RIVERA,66,26828524,113107,20212707,103473,340541,16.821822024002444,12.73829080848292
1213,12,RIO NEGRO,13,RIVERA,54,24297744,54765,20212707,103473,382195,16.821822024002444,12.853686228546799
1413,14,ROCHA,13,RIVERA,17,17547856,68088,20212707,103473,466323,16.821822024002444,13.052633806049226
1513,15,SALTO,13,RIVERA,97,25542275,124861,20212707,103473,286873,16.821822024002444,12.566794888095085
1613,16,SAN JOSE,13,RIVERA,32,26930981,108304,20212707,103473,459885,16.821822024002444,13.03873173721007
1713,17,SORIANO,13,RIVERA,18,22993631,82594,20212707,103473,446333,16.821822024002444,13.008820589178931
1813,18,TACUAREMBO,13,RIVERA,421,18093592,90051,20212707,103473,145310,16.821822024002444,11.886624670314742
1913,19,TREINTA Y TRES,13,RIVERA,23,11720592,48134,20212707,103473,324423,16.821822024002444,12.689803498833404
114,1,MONTEVIDEO,14,ROCHA,1266,465848031,1318755,17547856,68088,252064,16.680442335171204,12.43743830250305
214,2,ARTIGAS,14,ROCHA,47,14214980,73377,17547856,68088,623189,16.680442335171204,13.342605122548495
314,3,CANELONES,14,ROCHA,360,86306492,520173,17547856,68088,232423,16.680442335171204,12.356314266360716
414,4,CERRO LARGO,14,ROCHA,95,17048887,84698,17547856,68088,254936,16.680442335171204,12.448767812247556
514,5,COLONIA,14,ROCHA,35,43788749,123203,17547856,68088,398583,16.680442335171204,12.895671036578872
614,6,DURAZNO,14,ROCHA,61,13023942,57084,17547856,68088,299700,16.680442335171204,12.610537253304754
714,7,FLORES,14,ROCHA,13,7284124,25050,17547856,68088,350525,16.680442335171204,12.767187309589332
814,8,FLORIDA,14,ROCHA,62,17767290,67047,17547856,68088,253261,16.680442335171204,12.442175856508216
914,9,LAVALLEJA,14,ROCHA,150,15594153,58815,17547856,68088,153094,16.680442335171204,11.938807390805975
1014,10,MALDONADO,14,ROCHA,535,51311595,164298,17547856,68088,141478,16.680442335171204,11.85989950694582
1114,11,PAYSANDU,14,ROCHA,50,26828524,113107,17547856,68088,536205,16.680442335171204,13.192271829619296
1214,12,RIO NEGRO,14,ROCHA,48,24297744,54765,17547856,68088,515329,16.680442335171204,13.152560810629145
1314,13,RIVERA,14,ROCHA,46,20212707,103473,17547856,68088,466304,16.680442335171204,13.052593060928182
1514,15,SALTO,14,ROCHA,38,25542275,124861,17547856,68088,624205,16.680442335171204,13.344234119039859
1614,16,SAN JOSE,14,ROCHA,47,26930981,108304,17547856,68088,292089,16.680442335171204,12.584813829330553
1714,17,SORIANO,14,ROCHA,46,22993631,82594,17547856,68088,464640,16.680442335171204,13.049018191178513
1814,18,TACUAREMBO,14,ROCHA,35,18093592,90051,17547856,68088,410429,16.680442335171204,12.924958233110232
1914,19,TREINTA Y TRES,14,ROCHA,174,11720592,48134,17547856,68088,149488,16.680442335171204,11.914971401032737
115,1,MONTEVIDEO,15,SALTO,1547,465848031,1318755,25542275,124861,486960,17.05584548056092,13.095937263167807
215,2,ARTIGAS,15,SALTO,794,14214980,73377,25542275,124861,184479,17.05584548056092,12.12529091484639
315,3,CANELONES,15,SALTO,159,86306492,520173,25542275,124861,478928,17.05584548056092,13.079305551942497
415,4,CERRO LARGO,15,SALTO,19,17048887,84698,25542275,124861,427098,17.05584548056092,12.964768774074505
515,5,COLONIA,15,SALTO,68,43788749,123203,25542275,124861,369969,17.05584548056092,12.821174497326567
615,6,DURAZNO,15,SALTO,28,13023942,57084,25542275,124861,347928,17.05584548056092,12.759750840798842
715,7,FLORES,15,SALTO,17,7284124,25050,25542275,124861,305926,17.05584548056092,12.631098521623553
815,8,FLORIDA,15,SALTO,19,17767290,67047,25542275,124861,427824,17.05584548056092,12.96646717503861
915,9,LAVALLEJA,15,SALTO,15,15594153,58815,25542275,124861,542686,17.05584548056092,13.20428616277753
1015,10,MALDONADO,15,SALTO,98,51311595,164298,25542275,124861,574370,17.05584548056092,13.261029066939944
1115,11,PAYSANDU,15,SALTO,480,26828524,113107,25542275,124861,121845,17.05584548056092,11.710505024153164
1215,12,RIO NEGRO,15,SALTO,133,24297744,54765,25542275,124861,197619,17.05584548056092,12.194096213519574
1315,13,RIVERA,15,SALTO,120,20212707,103473,25542275,124861,286873,17.05584548056092,12.566794888095085
1415,14,ROCHA,15,SALTO,29,17547856,68088,25542275,124861,624205,17.05584548056092,13.344234119039859
1615,16,SAN JOSE,15,SALTO,30,26930981,108304,25542275,124861,425443,17.05584548056092,12.960886257975114
1715,17,SORIANO,15,SALTO,98,22993631,82594,25542275,124861,264554,17.05584548056092,12.485800668233091
1815,18,TACUAREMBO,15,SALTO,174,18093592,90051,25542275,124861,235321,17.05584548056092,12.368705818501914
1915,19,TREINTA Y TRES,15,SALTO,13,11720592,48134,25542275,124861,486999,17.05584548056092,13.096017348674529
116,1,MONTEVIDEO,16,SAN JOSE,4209,465848031,1318755,26930981,108304,67040,17.108787891900022,11.113044735155965
216,2,ARTIGAS,16,SAN JOSE,92,14214980,73377,26930981,108304,570254,17.108787891900022,13.253837154589371
316,3,CANELONES,16,SAN JOSE,908,86306492,520173,26930981,108304,82580,17.108787891900022,11.321522799440082
416,4,CERRO LARGO,16,SAN JOSE,49,17048887,84698,26930981,108304,417388,17.108787891900022,12.941771523810912
516,5,COLONIA,16,SAN JOSE,269,43788749,123203,26930981,108304,123288,17.108787891900022,11.722278360815213
616,6,DURAZNO,16,SAN JOSE,124,13023942,57084,26930981,108304,174995,17.108787891900022,12.07251268106891
716,7,FLORES,16,SAN JOSE,116,7284124,25050,26930981,108304,120843,17.108787891900022,11.702247461408927
816,8,FLORIDA,16,SAN JOSE,321,17767290,67047,26930981,108304,96337,17.108787891900022,11.475607739985847
916,9,LAVALLEJA,16,SAN JOSE,45,15594153,58815,26930981,108304,174452,17.108787891900022,12.06940491115224
1016,10,MALDONADO,16,SAN JOSE,131,51311595,164298,26930981,108304,191187,17.108787891900022,12.161007285656103
1116,11,PAYSANDU,16,SAN JOSE,116,26828524,113107,26930981,108304,306523,17.108787891900022,12.63304807232602
1216,12,RIO NEGRO,16,SAN JOSE,107,24297744,54765,26930981,108304,256067,17.108787891900022,12.453194407969322
1316,13,RIVERA,16,SAN JOSE,99,20212707,103473,26930981,108304,459885,17.108787891900022,13.03873173721007
1416,14,ROCHA,16,SAN JOSE,45,17547856,68088,26930981,108304,292086,17.108787891900022,12.584803558435702
1516,15,SALTO,16,SAN JOSE,99,25542275,124861,26930981,108304,425487,17.108787891900022,12.960989674237414
1716,17,SORIANO,16,SAN JOSE,147,22993631,82594,26930981,108304,197985,17.108787891900022,12.195946549231165
1816,18,TACUAREMBO,16,SAN JOSE,88,18093592,90051,26930981,108304,323511,17.108787891900022,12.68698839543619
1916,19,TREINTA Y TRES,16,SAN JOSE,28,11720592,48134,26930981,108304,317293,17.108787891900022,12.66758091618706
117,1,MONTEVIDEO,17,SORIANO,1173,465848031,1318755,22993631,82594,256694,16.95072782250245,12.45563999299822
217,2,ARTIGAS,17,SORIANO,24,14214980,73377,22993631,82594,447326,16.95072782250245,13.011042914268657
317,3,CANELONES,17,SORIANO,154,86306492,520173,22993631,82594,254962,16.95072782250245,12.448869793428194
417,4,CERRO LARGO,17,SORIANO,34,17048887,84698,22993631,82594,468671,16.95072782250245,13.057656308730087
517,5,COLONIA,17,SORIANO,513,43788749,123203,22993631,82594,115037,16.95072782250245,11.653009094728887
617,6,DURAZNO,17,SORIANO,32,13023942,57084,22993631,82594,195629,16.95072782250245,12.183975287351856
717,7,FLORES,17,SORIANO,85,7284124,25050,22993631,82594,126279,16.95072782250245,11.746249023730215
817,8,FLORIDA,17,SORIANO,51,17767290,67047,22993631,82594,250560,16.95072782250245,12.431453691784576
917,9,LAVALLEJA,17,SORIANO,11,15594153,58815,22993631,82594,346834,16.95072782250245,12.75660155829868
1017,10,MALDONADO,17,SORIANO,110,51311595,164298,22993631,82594,365864,16.95072782250245,12.810016958629348
1117,11,PAYSANDU,17,SORIANO,98,26828524,113107,22993631,82594,145587,16.95072782250245,11.888529125044231
1217,12,RIO NEGRO,17,SORIANO,270,24297744,54765,22993631,82594,67704,16.95072782250245,11.122900541349942
1317,13,RIVERA,17,SORIANO,25,20212707,103473,22993631,82594,446792,16.95072782250245,13.00984844091393
1417,14,ROCHA,17,SORIANO,18,17547856,68088,22993631,82594,464469,16.95072782250245,13.048650096580504
1517,15,SALTO,17,SORIANO,75,25542275,124861,22993631,82594,264551,16.95072782250245,12.485789328328913
1617,16,SAN JOSE,17,SORIANO,112,26930981,108304,22993631,82594,197820,16.95072782250245,12.195112805293832
1817,18,TACUAREMBO,17,SORIANO,72,18093592,90051,22993631,82594,317011,16.95072782250245,12.666691752572833
1917,19,TREINTA Y TRES,17,SORIANO,25,11720592,48134,22993631,82594,408911,16.95072782250245,12.921252807433792
118,1,MONTEVIDEO,18,TACUAREMBO,1421,465848031,1318755,18093592,90051,359657,16.71106840040235,12.792906078473257
218,2,ARTIGAS,18,TACUAREMBO,100,14214980,73377,18093592,90051,254949,16.71106840040235,12.448818804137897
318,3,CANELONES,18,TACUAREMBO,251,86306492,520173,18093592,90051,350845,16.71106840040235,12.768099809474426
418,4,CERRO LARGO,18,TACUAREMBO,135,17048887,84698,18093592,90051,249464,16.71106840040235,12.427069895185959
518,5,COLONIA,18,TACUAREMBO,34,43788749,123203,18093592,90051,348238,16.71106840040235,12.760641433044054
618,6,DURAZNO,18,TACUAREMBO,212,13023942,57084,18093592,90051,200110,16.71106840040235,12.206622494335608
718,7,FLORES,18,TACUAREMBO,29,7284124,25050,18093592,90051,222974,16.71106840040235,12.314810451716637
818,8,FLORIDA,18,TACUAREMBO,68,17767290,67047,18093592,90051,282751,16.71106840040235,12.552321930665304
918,9,LAVALLEJA,18,TACUAREMBO,45,15594153,58815,18093592,90051,354035,16.71106840040235,12.777151057285087
1018,10,MALDONADO,18,TACUAREMBO,71,51311595,164298,18093592,90051,419858,16.71106840040235,12.947671837854376
1118,11,PAYSANDU,18,TACUAREMBO,229,26828524,113107,18093592,90051,240569,16.71106840040235,12.390762229666265
1218,12,RIO NEGRO,18,TACUAREMBO,89,24297744,54765,18093592,90051,282223,16.71106840040235,12.550452817560215
1318,13,RIVERA,18,TACUAREMBO,546,20212707,103473,18093592,90051,145310,16.71106840040235,11.886624670314742
1418,14,ROCHA,18,TACUAREMBO,21,17547856,68088,18093592,90051,410429,16.71106840040235,12.924958233110232
1518,15,SALTO,18,TACUAREMBO,166,25542275,124861,18093592,90051,235321,16.71106840040235,12.368705818501914
1618,16,SAN JOSE,18,TACUAREMBO,53,26930981,108304,18093592,90051,323511,16.71106840040235,12.68698839543619
1718,17,SORIANO,18,TACUAREMBO,41,22993631,82594,18093592,90051,317011,16.71106840040235,12.666691752572833
1918,19,TREINTA Y TRES,18,TACUAREMBO,38,11720592,48134,18093592,90051,300363,16.71106840040235,12.612747022178324
119,1,MONTEVIDEO,19,TREINTA Y TRES,760,465848031,1318755,11720592,48134,288254,16.276857852782847,12.57159731487804
219,2,ARTIGAS,19,TREINTA Y TRES,5,14214980,73377,11720592,48134,481308,16.276857852782847,13.084262676802762
319,3,CANELONES,19,TREINTA Y TRES,124,86306492,520173,11720592,48134,265710,16.276857852782847,12.490160767471739
419,4,CERRO LARGO,19,TREINTA Y TRES,476,17048887,84698,11720592,48134,109230,16.276857852782847,11.60121102983759
519,5,COLONIA,19,TREINTA Y TRES,23,43788749,123203,11720592,48134,412983,16.276857852782847,12.931161708868379
619,6,DURAZNO,19,TREINTA Y TRES,77,13023942,57084,11720592,48134,217352,16.276857852782847,12.289273438122935
719,7,FLORES,19,TREINTA Y TRES,14,7284124,25050,11720592,48134,287718,16.276857852782847,12.569736112754574
819,8,FLORIDA,19,TREINTA Y TRES,64,17767290,67047,11720592,48134,238184,16.276857852782847,12.380798763202296
919,9,LAVALLEJA,19,TREINTA Y TRES,221,15594153,58815,11720592,48134,163121,16.276857852782847,12.002247535685651
1019,10,MALDONADO,19,TREINTA Y TRES,259,51311595,164298,11720592,48134,216981,16.276857852782847,12.287565071085519
1119,11,PAYSANDU,19,TREINTA Y TRES,25,26828524,113107,11720592,48134,454655,16.276857852782847,13.027294168564168
1219,12,RIO NEGRO,19,TREINTA Y TRES,9,24297744,54765,11720592,48134,443288,16.276857852782847,13.001974950662264
1319,13,RIVERA,19,TREINTA Y TRES,57,20212707,103473,11720592,48134,324423,16.276857852782847,12.689803498833404
1419,14,ROCHA,19,TREINTA Y TRES,162,17547856,68088,11720592,48134,149507,16.276857852782847,11.915098493459203
1519,15,SALTO,19,TREINTA Y TRES,8,25542275,124861,11720592,48134,486999,16.276857852782847,13.096017348674529
1619,16,SAN JOSE,19,TREINTA Y TRES,23,26930981,108304,11720592,48134,317293,16.276857852782847,12.66758091618706
1719,17,SORIANO,19,TREINTA Y TRES,16,22993631,82594,11720592,48134,408958,16.276857852782847,12.92136774026546
1819,18,TACUAREMBO,19,TREINTA Y TRES,32,18093592,90051,11720592,48134,300363,16.276857852782847,12.612747022178324
201,2,ARTIGAS,1,MONTEVIDEO,2395,14214980,73377,465848031,1318755,610724,19.959370025169367,13.322400417603927
301,3,CANELONES,1,MONTEVIDEO,11162,86306492,520173,465848031,1318755,22524,19.959370025169367,10.022336686374508
401,4,CERRO LARGO,1,MONTEVIDEO,1805,17048887,84698,465848031,1318755,393680,19.959370025169367,12.88329367553986
501,5,COLONIA,1,MONTEVIDEO,2690,43788749,123203,465848031,1318755,172800,19.959370025169367,12.059890135352092
601,6,DURAZNO,1,MONTEVIDEO,1610,13023942,57084,465848031,1318755,198867,19.959370025169367,12.200391538558206
701,7,FLORES,1,MONTEVIDEO,735,7284124,25050,465848031,1318755,182359,19.959370025169367,12.113732550653646
801,8,FLORIDA,1,MONTEVIDEO,1420,17767290,67047,465848031,1318755,102028,19.959370025169367,11.533002564399407
901,9,LAVALLEJA,1,MONTEVIDEO,1264,15594153,58815,465848031,1318755,134438,19.959370025169367,11.80885840520354
1001,10,MALDONADO,1,MONTEVIDEO,2333,51311595,164298,465848031,1318755,124244,19.959370025169367,11.730002653054457
1101,11,PAYSANDU,1,MONTEVIDEO,2096,26828524,113107,465848031,1318755,368039,19.959370025169367,12.815944189796639
1201,12,RIO NEGRO,1,MONTEVIDEO,1219,24297744,54765,465848031,1318755,314803,19.959370025169367,12.659702325340206
1301,13,RIVERA,1,MONTEVIDEO,2390,20212707,103473,465848031,1318755,496028,19.959370025169367,13.114387655726635
1401,14,ROCHA,1,MONTEVIDEO,1435,17547856,68088,465848031,1318755,252072,19.959370025169367,12.437470039970721
1501,15,SALTO,1,MONTEVIDEO,2481,25542275,124861,465848031,1318755,487002,19.959370025169367,13.096023508832475
1601,16,SAN JOSE,1,MONTEVIDEO,1852,26930981,108304,465848031,1318755,67066,19.959370025169367,11.113432488132354
1701,17,SORIANO,1,MONTEVIDEO,1922,22993631,82594,465848031,1318755,256721,19.959370025169367,12.455745171070635
1801,18,TACUAREMBO,1,MONTEVIDEO,2611,18093592,90051,465848031,1318755,359654,19.959370025169367,12.792897737157746
1901,19,TREINTA Y TRES,1,MONTEVIDEO,1024,11720592,48134,465848031,1318755,288232,19.959370025169367,12.571520990387905
