cod;depto_origen;depto_destino;personas_mig;personas_mig_18_25;personas_mig_26_35;personas_mig_100k;pob_origen;pob_destino;dist;dist_km;pbi_origen;pbi_porcen_ori;pbi_destino;pbi_porcen_des;pbi_origen_millardos;pbi_destino_millardos;largo_limite;dummy_limit;empresas_origen;empresas_destino;menores_25_origen;menores_25_destino;log_pbi_destino;log_dist;nom_depto_orig;nom_depto_des;edad_prom_ori;porc_ocupados_ori;edad_prom_des;porc_ocupados_des
102;1;2;914;114;247;891;1318755;73377;610726;611;465848031;50,3;14214980;1,5;465,848;14,215;;False;3124;55;456072;30880;16,469806896101773;13,322403692400275;MONTEVIDEO;ARTIGAS;37,481047654795624;70,39570159219609;33,966910612317214;63,54048882317126
302;3;2;74;9;22;70;520173;73377;601915;602;86306492;9,3;14214980;1,5;86,306;14,215;;False;563;55;197993;30880;16,469806896101773;13,307871518308573;CANELONES;ARTIGAS;35,40663971409512;71,04518002114733;33,966910612317214;63,54048882317126
402;4;2;15;0;6;14;84698;73377;406694;407;17048887;1,8;14214980;1,5;17,049;14,215;;False;88;55;33360;30880;16,469806896101773;12,915816338897384;CERRO LARGO;ARTIGAS;35,614748872464524;65,58203917553142;33,966910612317214;63,54048882317126
502;5;2;28;7;8;25;123203;73377;556292;556;43788749;4,7;14214980;1,5;43,789;14,215;;False;60;55;43030;30880;16,469806896101773;13,229048615230159;COLONIA;ARTIGAS;37,63241966510556;76,05841493228472;33,966910612317214;63,54048882317126
602;6;2;32;0;10;29;57084;73377;446123;446;13023942;1,4;14214980;1,5;13,024;14,215;;False;40;55;22663;30880;16,469806896101773;13,008349977733939;DURAZNO;ARTIGAS;35,09302081143578;67,28410796725862;33,966910612317214;63,54048882317126
702;7;2;2;1;1;1;25050;73377;450690;451;7284124;0,8;14214980;1,5;7,284;14,215;;False;28;55;9048;30880;16,469806896101773;13,01853502072458;FLORES;ARTIGAS;37,06007984031936;75,4187792824594;33,966910612317214;63,54048882317126
802;8;2;13;1;0;12;67047;73377;533821;534;17767290;1,9;14214980;1,5;17,767;14,215;;False;101;55;24814;30880;16,469806896101773;13,187815855755735;FLORIDA;ARTIGAS;36,72022611004221;71,73437762775389;33,966910612317214;63,54048882317126
902;9;2;7;2;1;7;58815;73377;593134;593;15594153;1,7;14214980;1,5;15,594;14,215;;False;54;55;20753;30880;16,469806896101773;13,293175622098437;LAVALLEJA;ARTIGAS;37,93515259712658;72,52336448598132;33,966910612317214;63,54048882317126
1002;10;2;46;11;11;45;164298;73377;658957;659;51311595;5,5;14214980;1,5;51,312;14,215;;False;188;55;62922;30880;16,469806896101773;13,398413560976383;MALDONADO;ARTIGAS;35,05074924831708;73,44975086524454;33,966910612317214;63,54048882317126
1102;11;2;75;12;10;59;113107;73377;304617;305;26828524;2,9;14214980;1,5;26,829;14,215;;False;144;55;46112;30880;16,469806896101773;12,626810528785368;PAYSANDU;ARTIGAS;34,56219332136826;67,06215335353652;33,966910612317214;63,54048882317126
1202;12;2;30;3;6;20;54765;73377;380391;380;24297744;2,6;14214980;1,5;24,298;14,215;;False;67;55;22474;30880;16,469806896101773;12,848954950067492;RIO NEGRO;ARTIGAS;34,17324933808089;67,71526102054028;33,966910612317214;63,54048882317126
1302;13;2;102;12;16;96;103473;73377;165823;166;20212707;2,2;14214980;1,5;20,213;14,215;;False;62;55;42934;30880;16,469806896101773;12,01867623341344;RIVERA;ARTIGAS;33,98187933083993;65,9688442829875;33,966910612317214;63,54048882317126
1402;14;2;8;4;0;8;68088;73377;623208;623;17547856;1,9;14214980;1,5;17,548;14,215;;False;54;55;24443;30880;16,469806896101773;13,342635610426758;ROCHA;ARTIGAS;36,931441663729295;67,36970952403371;33,966910612317214;63,54048882317126
1502;15;2;380;74;74;222;124861;73377;184479;184;25542275;2,8;14214980;1,5;25,542;14,215;197272,0;True;97;55;53810;30880;16,469806896101773;12,12529091484639;SALTO;ARTIGAS;33,297819174922516;66,35408370372274;33,966910612317214;63,54048882317126
1602;16;2;15;3;3;12;108304;73377;570207;570;26930981;2,9;14214980;1,5;26,931;14,215;;False;154;55;40551;30880;16,469806896101773;13,253754731779601;SAN JOSE;ARTIGAS;35,62451986999557;70,87153001936734;33,966910612317214;63,54048882317126
1702;17;2;9;1;4;7;82594;73377;447326;447;22993631;2,5;14214980;1,5;22,994;14,215;;False;85;55;31637;30880;16,469806896101773;13,011042914268657;SORIANO;ARTIGAS;35,76436545027484;70,56486944330861;33,966910612317214;63,54048882317126
1802;18;2;50;4;15;44;90051;73377;254949;255;18093592;2,0;14214980;1,5;18,094;14,215;;False;61;55;35648;30880;16,469806896101773;12,448818804137897;TACUAREMBO;ARTIGAS;35,0003442493698;65,68821966341896;33,966910612317214;63,54048882317126
1902;19;2;10;1;4;9;48134;73377;481308;481;11720592;1,3;14214980;1,5;11,721;14,215;;False;38;55;18500;30880;16,469806896101773;13,084262676802762;TREINTA Y TRES;ARTIGAS;35,69273278763452;66,06116652354845;33,966910612317214;63,54048882317126
103;1;3;33127;3757;7904;0;1318755;520173;22544;23;465848031;50,3;86306492;9,3;465,848;86,306;60107,0;True;3124;563;456072;197993;18,273415379180292;10,023224234138462;MONTEVIDEO;CANELONES;37,481047654795624;70,39570159219609;35,40663971409512;71,04518002114733
203;2;3;536;169;88;491;73377;520173;601915;602;14214980;1,5;86306492;9,3;14,215;86,306;;False;55;563;30880;197993;18,273415379180292;13,307871518308573;ARTIGAS;CANELONES;33,966910612317214;63,54048882317126;35,40663971409512;71,04518002114733
403;4;3;435;98;80;371;84698;520173;371156;371;17048887;1,8;86306492;9,3;17,049;86,306;;False;88;563;33360;197993;18,273415379180292;12,824377738385657;CERRO LARGO;CANELONES;35,614748872464524;65,58203917553142;35,40663971409512;71,04518002114733
503;5;3;366;53;74;335;123203;520173;189992;190;43788749;4,7;86306492;9,3;43,789;86,306;;False;60;563;43030;197993;18,273415379180292;12,154737244993013;COLONIA;CANELONES;37,63241966510556;76,05841493228472;35,40663971409512;71,04518002114733
603;6;3;466;101;89;367;57084;520173;190058;190;13023942;1,4;86306492;9,3;13,024;86,306;;False;40;563;22663;197993;18,273415379180292;12,1550845677172;DURAZNO;CANELONES;35,09302081143578;67,28410796725862;35,40663971409512;71,04518002114733
703;7;3;162;33;29;122;25050;520173;174329;174;7284124;0,8;86306492;9,3;7,284;86,306;;False;28;563;9048;197993;18,273415379180292;12,068699597473461;FLORES;CANELONES;37,06007984031936;75,4187792824594;35,40663971409512;71,04518002114733
803;8;3;892;161;181;136;67047;520173;88131;88;17767290;1,9;86306492;9,3;17,767;86,306;94070,0;True;101;563;24814;197993;18,273415379180292;11,386579622903268;FLORIDA;CANELONES;36,72022611004221;71,73437762775389;35,40663971409512;71,04518002114733
903;9;3;446;94;99;99;58815;520173;114784;115;15594153;1,7;86306492;9,3;15,594;86,306;51167,0;True;54;563;20753;197993;18,273415379180292;11,65080738033201;LAVALLEJA;CANELONES;37,93515259712658;72,52336448598132;35,40663971409512;71,04518002114733
1003;10;3;862;144;175;405;164298;520173;113400;113;51311595;5,5;86306492;9,3;51,312;86,306;24113,0;True;188;563;62922;197993;18,273415379180292;11,638676670275789;MALDONADO;CANELONES;35,05074924831708;73,44975086524454;35,40663971409512;71,04518002114733
1103;11;3;434;92;88;341;113107;520173;360009;360;26828524;2,9;86306492;9,3;26,829;86,306;;False;144;563;46112;197993;18,273415379180292;12,793884310119799;PAYSANDU;CANELONES;34,56219332136826;67,06215335353652;35,40663971409512;71,04518002114733
1203;12;3;316;55;61;282;54765;520173;313213;313;24297744;2,6;86306492;9,3;24,298;86,306;;False;67;563;22474;197993;18,273415379180292;12,654638749261657;RIO NEGRO;CANELONES;34,17324933808089;67,71526102054028;35,40663971409512;71,04518002114733
1303;13;3;584;138;89;475;103473;520173;487219;487;20212707;2,2;86306492;9,3;20,213;86,306;;False;62;563;42934;197993;18,273415379180292;13,096468992975373;RIVERA;CANELONES;33,98187933083993;65,9688442829875;35,40663971409512;71,04518002114733
1403;14;3;407;76;63;331;68088;520173;232418;232;17547856;1,9;86306492;9,3;17,548;86,306;;False;54;563;24443;197993;18,273415379180292;12,356292753628404;ROCHA;CANELONES;36,931441663729295;67,36970952403371;35,40663971409512;71,04518002114733
1503;15;3;543;109;120;386;124861;520173;478972;479;25542275;2,8;86306492;9,3;25,542;86,306;;False;97;563;53810;197993;18,273415379180292;13,079397419569663;SALTO;CANELONES;33,297819174922516;66,35408370372274;35,40663971409512;71,04518002114733
1603;16;3;689;116;162;44;108304;520173;82580;83;26930981;2,9;86306492;9,3;26,931;86,306;48749,0;True;154;563;40551;197993;18,273415379180292;11,321522799440082;SAN JOSE;CANELONES;35,62451986999557;70,87153001936734;35,40663971409512;71,04518002114733
1703;17;3;293;61;61;260;82594;520173;255131;255;22993631;2,5;86306492;9,3;22,994;86,306;;False;85;563;31637;197993;18,273415379180292;12,449532417718995;SORIANO;CANELONES;35,76436545027484;70,56486944330861;35,40663971409512;71,04518002114733
1803;18;3;596;131;111;461;90051;520173;350845;351;18093592;2,0;86306492;9,3;18,094;86,306;;False;61;563;35648;197993;18,273415379180292;12,768099809474426;TACUAREMBO;CANELONES;35,0003442493698;65,68821966341896;35,40663971409512;71,04518002114733
1903;19;3;259;59;35;218;48134;520173;265708;266;11720592;1,3;86306492;9,3;11,721;86,306;;False;38;563;18500;197993;18,273415379180292;12,490153240440288;TREINTA Y TRES;CANELONES;35,69273278763452;66,06116652354845;35,40663971409512;71,04518002114733
104;1;4;1387;162;401;1349;1318755;84698;393703;394;465848031;50,3;17048887;1,8;465,848;17,049;;False;3124;88;456072;33360;16,651595480970684;12,883352096918037;MONTEVIDEO;CERRO LARGO;37,481047654795624;70,39570159219609;35,614748872464524;65,58203917553142
204;2;4;20;6;4;15;73377;84698;406688;407;14214980;1,5;17048887;1,8;14,215;17,049;;False;55;88;30880;33360;16,651595480970684;12,915801585681796;ARTIGAS;CERRO LARGO;33,966910612317214;63,54048882317126;35,614748872464524;65,58203917553142
304;3;4;274;27;52;239;520173;84698;371159;371;86306492;9,3;17048887;1,8;86,306;17,049;;False;563;88;197993;33360;16,651595480970684;12,82438582120764;CANELONES;CERRO LARGO;35,40663971409512;71,04518002114733;35,614748872464524;65,58203917553142
504;5;4;20;4;2;17;123203;84698;472743;473;43788749;4,7;17048887;1,8;43,789;17,049;;False;60;88;43030;33360;16,651595480970684;13,066307179430646;COLONIA;CERRO LARGO;37,63241966510556;76,05841493228472;35,614748872464524;65,58203917553142
604;6;4;64;11;16;27;57084;84698;277112;277;13023942;1,4;17048887;1,8;13,024;17,049;91548,0;True;40;88;22663;33360;16,651595480970684;12,532177035579231;DURAZNO;CERRO LARGO;35,09302081143578;67,28410796725862;35,614748872464524;65,58203917553142
704;7;4;13;4;3;10;25050;84698;347479;347;7284124;0,8;17048887;1,8;7,284;17,049;;False;28;88;9048;33360;16,651595480970684;12,758459510506242;FLORES;CERRO LARGO;37,06007984031936;75,4187792824594;35,614748872464524;65,58203917553142
804;8;4;37;1;9;30;67047;84698;335796;336;17767290;1,9;17048887;1,8;17,767;17,049;;False;101;88;24814;33360;16,651595480970684;12,724259111702338;FLORIDA;CERRO LARGO;36,72022611004221;71,73437762775389;35,614748872464524;65,58203917553142
904;9;4;64;9;18;56;58815;84698;268569;269;15594153;1,7;17048887;1,8;15,594;17,049;;False;54;88;20753;33360;16,651595480970684;12,500863143156742;LAVALLEJA;CERRO LARGO;37,93515259712658;72,52336448598132;35,614748872464524;65,58203917553142
1004;10;4;208;29;53;198;164298;84698;322429;322;51311595;5,5;17048887;1,8;51,312;17,049;;False;188;88;62922;33360;16,651595480970684;12,683638235941526;MALDONADO;CERRO LARGO;35,05074924831708;73,44975086524454;35,614748872464524;65,58203917553142
1104;11;4;35;5;15;34;113107;84698;444743;445;26828524;2,9;17048887;1,8;26,829;17,049;;False;144;88;46112;33360;16,651595480970684;13,005251866224905;PAYSANDU;CERRO LARGO;34,56219332136826;67,06215335353652;35,614748872464524;65,58203917553142
1204;12;4;20;2;5;18;54765;84698;486397;486;24297744;2,6;17048887;1,8;24,298;17,049;;False;67;88;22474;33360;16,651595480970684;13,094780441851915;RIO NEGRO;CERRO LARGO;34,17324933808089;67,71526102054028;35,614748872464524;65,58203917553142
1304;13;4;162;32;32;119;103473;84698;240871;241;20212707;2,2;17048887;1,8;20,213;17,049;64044,0;True;62;88;42934;33360;16,651595480970684;12,392016799455277;RIVERA;CERRO LARGO;33,98187933083993;65,9688442829875;35,614748872464524;65,58203917553142
1404;14;4;59;9;11;54;68088;84698;254955;255;17547856;1,9;17048887;1,8;17,548;17,049;;False;54;88;24443;33360;16,651595480970684;12,448842337979562;ROCHA;CERRO LARGO;36,931441663729295;67,36970952403371;35,614748872464524;65,58203917553142
1504;15;4;18;1;5;14;124861;84698;427098;427;25542275;2,8;17048887;1,8;25,542;17,049;;False;97;88;53810;33360;16,651595480970684;12,964768774074505;SALTO;CERRO LARGO;33,297819174922516;66,35408370372274;35,614748872464524;65,58203917553142
1604;16;4;31;3;4;28;108304;84698;417390;417;26930981;2,9;17048887;1,8;26,931;17,049;;False;154;88;40551;33360;16,651595480970684;12,941776315504033;SAN JOSE;CERRO LARGO;35,62451986999557;70,87153001936734;35,614748872464524;65,58203917553142
1704;17;4;12;0;2;10;82594;84698;468718;469;22993631;2,5;17048887;1,8;22,994;17,049;;False;85;88;31637;33360;16,651595480970684;13,057756587269816;SORIANO;CERRO LARGO;35,76436545027484;70,56486944330861;35,614748872464524;65,58203917553142
1804;18;4;168;23;35;70;90051;84698;249464;249;18093592;2,0;17048887;1,8;18,094;17,049;102685,0;True;61;88;35648;33360;16,651595480970684;12,427069895185959;TACUAREMBO;CERRO LARGO;35,0003442493698;65,68821966341896;35,614748872464524;65,58203917553142
1904;19;4;409;66;88;149;48134;84698;109230;109;11720592;1,3;17048887;1,8;11,721;17,049;216049,0;True;38;88;18500;33360;16,651595480970684;11,60121102983759;TREINTA Y TRES;CERRO LARGO;35,69273278763452;66,06116652354845;35,614748872464524;65,58203917553142
105;1;5;2100;236;683;1991;1318755;123203;172773;173;465848031;50,3;43788749;4,7;465,848;43,789;;False;3124;60;456072;43030;17,594887470203254;12,05973387314379;MONTEVIDEO;COLONIA;37,481047654795624;70,39570159219609;37,63241966510556;76,05841493228472
205;2;5;167;51;37;163;73377;123203;556293;556;14214980;1,5;43788749;4,7;14,215;43,789;;False;55;60;30880;43030;17,594887470203254;13,229050412845622;ARTIGAS;COLONIA;33,966910612317214;63,54048882317126;37,63241966510556;76,05841493228472
305;3;5;422;64;74;361;520173;123203;189989;190;86306492;9,3;43788749;4,7;86,306;43,789;;False;563;60;197993;43030;17,594887470203254;12,154721454729817;CANELONES;COLONIA;35,40663971409512;71,04518002114733;37,63241966510556;76,05841493228472
405;4;5;63;14;12;54;84698;123203;472743;473;17048887;1,8;43788749;4,7;17,049;43,789;;False;88;60;33360;43030;17,594887470203254;13,066307179430646;CERRO LARGO;COLONIA;35,614748872464524;65,58203917553142;37,63241966510556;76,05841493228472
605;6;5;70;17;14;54;57084;123203;199701;200;13023942;1,4;43788749;4,7;13,024;43,789;;False;40;60;22663;43030;17,594887470203254;12,204576526902637;DURAZNO;COLONIA;35,09302081143578;67,28410796725862;37,63241966510556;76,05841493228472
705;7;5;86;22;20;29;25050;123203;125265;125;7284124;0,8;43788749;4,7;7,284;43,789;2483,0;True;28;60;9048;43030;17,594887470203254;11,738186772255439;FLORES;COLONIA;37,06007984031936;75,4187792824594;37,63241966510556;76,05841493228472
805;8;5;107;23;12;84;67047;123203;194958;195;17767290;1,9;43788749;4,7;17,767;43,789;;False;101;60;24814;43030;17,594887470203254;12,180539429731901;FLORIDA;COLONIA;36,72022611004221;71,73437762775389;37,63241966510556;76,05841493228472
905;9;5;39;6;16;29;58815;123203;280946;281;15594153;1,7;43788749;4,7;15,594;43,789;;False;54;60;20753;43030;17,594887470203254;12,5459177590302;LAVALLEJA;COLONIA;37,93515259712658;72,52336448598132;37,63241966510556;76,05841493228472
1005;10;5;196;28;36;170;164298;123203;296919;297;51311595;5,5;43788749;4,7;51,312;43,789;;False;188;60;62922;43030;17,594887470203254;12,601214653315264;MALDONADO;COLONIA;35,05074924831708;73,44975086524454;37,63241966510556;76,05841493228472
1105;11;5;151;28;31;132;113107;123203;251003;251;26828524;2,9;43788749;4,7;26,829;43,789;;False;144;60;46112;43030;17,594887470203254;12,43322017023373;PAYSANDU;COLONIA;34,56219332136826;67,06215335353652;37,63241966510556;76,05841493228472
1205;12;5;176;37;33;149;54765;123203;173120;173;24297744;2,6;43788749;4,7;24,298;43,789;;False;67;60;22474;43030;17,594887470203254;12,061740274640254;RIO NEGRO;COLONIA;34,17324933808089;67,71526102054028;37,63241966510556;76,05841493228472
1305;13;5;77;19;15;69;103473;123203;484612;485;20212707;2,2;43788749;4,7;20,213;43,789;;False;62;60;42934;43030;17,594887470203254;13,091103849748851;RIVERA;COLONIA;33,98187933083993;65,9688442829875;37,63241966510556;76,05841493228472
1405;14;5;49;7;10;41;68088;123203;398581;399;17547856;1,9;43788749;4,7;17,548;43,789;;False;54;60;24443;43030;17,594887470203254;12,895666018790813;ROCHA;COLONIA;36,931441663729295;67,36970952403371;37,63241966510556;76,05841493228472
1505;15;5;134;36;34;118;124861;123203;369966;370;25542275;2,8;43788749;4,7;25,542;43,789;;False;97;60;53810;43030;17,594887470203254;12,821166388506196;SALTO;COLONIA;33,297819174922516;66,35408370372274;37,63241966510556;76,05841493228472
1605;16;5;452;89;97;68;108304;123203;123292;123;26930981;2,9;43788749;4,7;26,931;43,789;67607,0;True;154;60;40551;43030;17,594887470203254;11,722310804646833;SAN JOSE;COLONIA;35,62451986999557;70,87153001936734;37,63241966510556;76,05841493228472
1705;17;5;1053;235;205;212;82594;123203;115038;115;22993631;2,5;43788749;4,7;22,994;43,789;144356,0;True;85;60;31637;43030;17,594887470203254;11,653017787546446;SORIANO;COLONIA;35,76436545027484;70,56486944330861;37,63241966510556;76,05841493228472
1805;18;5;79;17;20;61;90051;123203;348238;348;18093592;2,0;43788749;4,7;18,094;43,789;;False;61;60;35648;43030;17,594887470203254;12,760641433044054;TACUAREMBO;COLONIA;35,0003442493698;65,68821966341896;37,63241966510556;76,05841493228472
1905;19;5;41;11;8;34;48134;123203;412983;413;11720592;1,3;43788749;4,7;11,721;43,789;;False;38;60;18500;43030;17,594887470203254;12,931161708868379;TREINTA Y TRES;COLONIA;35,69273278763452;66,06116652354845;37,63241966510556;76,05841493228472
106;1;6;982;125;321;924;1318755;57084;198970;199;465848031;50,3;13023942;1,4;465,848;13,024;;False;3124;40;456072;22663;16,38229991389759;12,200909338573293;MONTEVIDEO;DURAZNO;37,481047654795624;70,39570159219609;35,09302081143578;67,28410796725862
206;2;6;33;2;4;26;73377;57084;446123;446;14214980;1,5;13023942;1,4;14,215;13,024;;False;55;40;30880;22663;16,38229991389759;13,008349977733939;ARTIGAS;DURAZNO;33,966910612317214;63,54048882317126;35,09302081143578;67,28410796725862
306;3;6;223;27;51;191;520173;57084;190159;190;86306492;9,3;13023942;1,4;86,306;13,024;;False;563;40;197993;22663;16,38229991389759;12,155615843290757;CANELONES;DURAZNO;35,40663971409512;71,04518002114733;35,09302081143578;67,28410796725862
406;4;6;67;15;10;30;84698;57084;277112;277;17048887;1,8;13023942;1,4;17,049;13,024;91548,0;True;88;40;33360;22663;16,38229991389759;12,532177035579231;CERRO LARGO;DURAZNO;35,614748872464524;65,58203917553142;35,09302081143578;67,28410796725862
506;5;6;63;5;20;60;123203;57084;199701;200;43788749;4,7;13023942;1,4;43,789;13,024;;False;60;40;43030;22663;16,38229991389759;12,204576526902637;COLONIA;DURAZNO;37,63241966510556;76,05841493228472;35,09302081143578;67,28410796725862
706;7;6;90;14;20;11;25050;57084;74436;74;7284124;0,8;13023942;1,4;7,284;13,024;91775,0;True;28;40;9048;22663;16,38229991389759;11,217694974761118;FLORES;DURAZNO;37,06007984031936;75,4187792824594;35,09302081143578;67,28410796725862
806;8;6;307;52;81;53;67047;57084;121653;122;17767290;1,9;13023942;1,4;17,767;13,024;182177,0;True;101;40;24814;22663;16,38229991389759;11,708928008820047;FLORIDA;DURAZNO;36,72022611004221;71,73437762775389;35,09302081143578;67,28410796725862
906;9;6;29;8;4;16;58815;57084;202724;203;15594153;1,7;13023942;1,4;15,594;13,024;;False;54;40;20753;22663;16,38229991389759;12,219600727009865;LAVALLEJA;DURAZNO;37,93515259712658;72,52336448598132;35,09302081143578;67,28410796725862
1006;10;6;75;8;20;63;164298;57084;260814;261;51311595;5,5;13023942;1,4;51,312;13,024;;False;188;40;62922;22663;16,38229991389759;12,471562788575458;MALDONADO;DURAZNO;35,05074924831708;73,44975086524454;35,09302081143578;67,28410796725862
1106;11;6;55;4;18;38;113107;57084;256355;256;26828524;2,9;13023942;1,4;26,829;13,024;;False;144;40;46112;22663;16,38229991389759;12,454318481605211;PAYSANDU;DURAZNO;34,56219332136826;67,06215335353652;35,09302081143578;67,28410796725862
1206;12;6;54;8;10;31;54765;57084;235480;235;24297744;2,6;13023942;1,4;24,298;13,024;112081,0;True;67;40;22474;22663;16,38229991389759;12,369381263142198;RIO NEGRO;DURAZNO;34,17324933808089;67,71526102054028;35,09302081143578;67,28410796725862
1306;13;6;50;10;9;38;103473;57084;336484;336;20212707;2,2;13023942;1,4;20,213;13,024;;False;62;40;42934;22663;16,38229991389759;12,726305878645231;RIVERA;DURAZNO;33,98187933083993;65,9688442829875;35,09302081143578;67,28410796725862
1406;14;6;18;3;3;15;68088;57084;299700;300;17547856;1,9;13023942;1,4;17,548;13,024;;False;54;40;24443;22663;16,38229991389759;12,610537253304754;ROCHA;DURAZNO;36,931441663729295;67,36970952403371;35,09302081143578;67,28410796725862
1506;15;6;14;4;5;11;124861;57084;347978;348;25542275;2,8;13023942;1,4;25,542;13,024;;False;97;40;53810;22663;16,38229991389759;12,75989453836744;SALTO;DURAZNO;33,297819174922516;66,35408370372274;35,09302081143578;67,28410796725862
1606;16;6;59;11;10;45;108304;57084;174995;175;26930981;2,9;13023942;1,4;26,931;13,024;;False;154;40;40551;22663;16,38229991389759;12,07251268106891;SAN JOSE;DURAZNO;35,62451986999557;70,87153001936734;35,09302081143578;67,28410796725862
1706;17;6;57;3;22;50;82594;57084;195676;196;22993631;2,5;13023942;1,4;22,994;13,024;;False;85;40;31637;22663;16,38229991389759;12,184215509174864;SORIANO;DURAZNO;35,76436545027484;70,56486944330861;35,09302081143578;67,28410796725862
1806;18;6;304;64;68;81;90051;57084;200110;200;18093592;2,0;13023942;1,4;18,094;13,024;219925,0;True;61;40;35648;22663;16,38229991389759;12,206622494335608;TACUAREMBO;DURAZNO;35,0003442493698;65,68821966341896;35,09302081143578;67,28410796725862
1906;19;6;91;19;12;35;48134;57084;217352;217;11720592;1,3;13023942;1,4;11,721;13,024;17594,0;True;38;40;18500;22663;16,38229991389759;12,289273438122935;TREINTA Y TRES;DURAZNO;35,69273278763452;66,06116652354845;35,09302081143578;67,28410796725862
107;1;7;378;32;133;333;1318755;25050;182361;182;465848031;50,3;7284124;0,8;465,848;7,284;;False;3124;28;456072;9048;15,801207743298134;12,11374351797104;MONTEVIDEO;FLORES;37,481047654795624;70,39570159219609;37,06007984031936;75,4187792824594
207;2;7;21;2;7;14;73377;25050;450737;451;14214980;1,5;7284124;0,8;14,215;7,284;;False;55;28;30880;9048;15,801207743298134;13,018639299828806;ARTIGAS;FLORES;33,966910612317214;63,54048882317126;37,06007984031936;75,4187792824594
307;3;7;82;9;13;74;520173;25050;174329;174;86306492;9,3;7284124;0,8;86,306;7,284;;False;563;28;197993;9048;15,801207743298134;12,068699597473461;CANELONES;FLORES;35,40663971409512;71,04518002114733;37,06007984031936;75,4187792824594
407;4;7;5;0;2;4;84698;25050;347479;347;17048887;1,8;7284124;0,8;17,049;7,284;;False;88;28;33360;9048;15,801207743298134;12,758459510506242;CERRO LARGO;FLORES;35,614748872464524;65,58203917553142;37,06007984031936;75,4187792824594
507;5;7;69;8;13;32;123203;25050;125265;125;43788749;4,7;7284124;0,8;43,789;7,284;2483,0;True;60;28;43030;9048;15,801207743298134;11,738186772255439;COLONIA;FLORES;37,63241966510556;76,05841493228472;37,06007984031936;75,4187792824594
607;6;7;149;39;29;10;57084;25050;74436;74;13023942;1,4;7284124;0,8;13,024;7,284;91775,0;True;40;28;22663;9048;15,801207743298134;11,217694974761118;DURAZNO;FLORES;35,09302081143578;67,28410796725862;37,06007984031936;75,4187792824594
807;8;7;84;10;21;26;67047;25050;125607;126;17767290;1,9;7284124;0,8;17,767;7,284;52794,0;True;101;28;24814;9048;15,801207743298134;11,740913263947315;FLORIDA;FLORES;36,72022611004221;71,73437762775389;37,06007984031936;75,4187792824594
907;9;7;17;3;5;17;58815;25050;236470;236;15594153;1,7;7284124;0,8;15,594;7,284;;False;54;28;20753;9048;15,801207743298134;12,373576628973705;LAVALLEJA;FLORES;37,93515259712658;72,52336448598132;37,06007984031936;75,4187792824594
1007;10;7;58;7;14;56;164298;25050;272152;272;51311595;5,5;7284124;0,8;51,312;7,284;;False;188;28;62922;9048;15,801207743298134;12,514116012723823;MALDONADO;FLORES;35,05074924831708;73,44975086524454;37,06007984031936;75,4187792824594
1107;11;7;29;4;6;19;113107;25050;187006;187;26828524;2,9;7284124;0,8;26,829;7,284;;False;144;28;46112;9048;15,801207743298134;12,13889598088349;PAYSANDU;FLORES;34,56219332136826;67,06215335353652;37,06007984031936;75,4187792824594
1207;12;7;77;12;19;38;54765;25050;166130;166;24297744;2,6;7284124;0,8;24,298;7,284;2760,0;True;67;28;22474;9048;15,801207743298134;12,020525893380524;RIO NEGRO;FLORES;34,17324933808089;67,71526102054028;37,06007984031936;75,4187792824594
1307;13;7;22;6;2;15;103473;25050;359348;359;20212707;2,2;7284124;0,8;20,213;7,284;;False;62;28;42934;9048;15,801207743298134;12,792046557276537;RIVERA;FLORES;33,98187933083993;65,9688442829875;37,06007984031936;75,4187792824594
1407;14;7;7;2;1;3;68088;25050;350524;351;17547856;1,9;7284124;0,8;17,548;7,284;;False;54;28;24443;9048;15,801207743298134;12,7671844567217;ROCHA;FLORES;36,931441663729295;67,36970952403371;37,06007984031936;75,4187792824594
1507;15;7;20;3;5;19;124861;25050;305969;306;25542275;2,8;7284124;0,8;25,542;7,284;;False;97;28;53810;9048;15,801207743298134;12,631239068613056;SALTO;FLORES;33,297819174922516;66,35408370372274;37,06007984031936;75,4187792824594
1607;16;7;122;15;25;23;108304;25050;120843;121;26930981;2,9;7284124;0,8;26,931;7,284;69905,0;True;154;28;40551;9048;15,801207743298134;11,702247461408927;SAN JOSE;FLORES;35,62451986999557;70,87153001936734;37,06007984031936;75,4187792824594
1707;17;7;90;26;16;22;82594;25050;126326;126;22993631;2,5;7284124;0,8;22,994;7,284;118331,0;True;85;28;31637;9048;15,801207743298134;11,74662114621823;SORIANO;FLORES;35,76436545027484;70,56486944330861;37,06007984031936;75,4187792824594
1807;18;7;79;8;16;39;90051;25050;222974;223;18093592;2,0;7284124;0,8;18,094;7,284;;False;61;28;35648;9048;15,801207743298134;12,314810451716637;TACUAREMBO;FLORES;35,0003442493698;65,68821966341896;37,06007984031936;75,4187792824594
1907;19;7;2;1;1;2;48134;25050;287718;288;11720592;1,3;7284124;0,8;11,721;7,284;;False;38;28;18500;9048;15,801207743298134;12,569736112754574;TREINTA Y TRES;FLORES;35,69273278763452;66,06116652354845;37,06007984031936;75,4187792824594
108;1;8;1026;99;277;207;1318755;67047;102030;102;465848031;50,3;17767290;1,9;465,848;17,767;;False;3124;101;456072;24814;16,692869684280286;11,533022166669351;MONTEVIDEO;FLORIDA;37,481047654795624;70,39570159219609;36,72022611004221;71,73437762775389
208;2;8;40;7;7;30;73377;67047;533821;534;14214980;1,5;17767290;1,9;14,215;17,767;;False;55;101;30880;24814;16,692869684280286;13,187815855755735;ARTIGAS;FLORIDA;33,966910612317214;63,54048882317126;36,72022611004221;71,73437762775389
308;3;8;670;121;123;99;520173;67047;88131;88;86306492;9,3;17767290;1,9;86,306;17,767;94070,0;True;563;101;197993;24814;16,692869684280286;11,386579622903268;CANELONES;FLORIDA;35,40663971409512;71,04518002114733;36,72022611004221;71,73437762775389
408;4;8;73;6;18;48;84698;67047;335796;336;17048887;1,8;17767290;1,9;17,049;17,767;;False;88;101;33360;24814;16,692869684280286;12,724259111702338;CERRO LARGO;FLORIDA;35,614748872464524;65,58203917553142;36,72022611004221;71,73437762775389
508;5;8;53;11;9;27;123203;67047;194958;195;43788749;4,7;17767290;1,9;43,789;17,767;;False;60;101;43030;24814;16,692869684280286;12,180539429731901;COLONIA;FLORIDA;37,63241966510556;76,05841493228472;36,72022611004221;71,73437762775389
608;6;8;404;89;86;77;57084;67047;121653;122;13023942;1,4;17767290;1,9;13,024;17,767;182177,0;True;40;101;22663;24814;16,692869684280286;11,708928008820047;DURAZNO;FLORIDA;35,09302081143578;67,28410796725862;36,72022611004221;71,73437762775389
708;7;8;76;11;16;15;25050;67047;125607;126;7284124;0,8;17767290;1,9;7,284;17,767;52794,0;True;28;101;9048;24814;16,692869684280286;11,740913263947315;FLORES;FLORIDA;37,06007984031936;75,4187792824594;36,72022611004221;71,73437762775389
908;9;8;138;24;23;44;58815;67047;130899;131;15594153;1,7;17767290;1,9;15,594;17,767;116143,0;True;54;101;20753;24814;16,692869684280286;11,782181312449406;LAVALLEJA;FLORIDA;37,93515259712658;72,52336448598132;36,72022611004221;71,73437762775389
1008;10;8;121;15;22;95;164298;67047;166582;167;51311595;5,5;17767290;1,9;51,312;17,767;;False;188;101;62922;24814;16,692869684280286;12,023242959660504;MALDONADO;FLORIDA;35,05074924831708;73,44975086524454;36,72022611004221;71,73437762775389
1108;11;8;57;11;14;48;113107;67047;311287;311;26828524;2,9;17767290;1,9;26,829;17,767;;False;144;101;46112;24814;16,692869684280286;12,64847059519793;PAYSANDU;FLORIDA;34,56219332136826;67,06215335353652;36,72022611004221;71,73437762775389
1208;12;8;27;5;3;15;54765;67047;290411;290;24297744;2,6;17767290;1,9;24,298;17,767;;False;67;101;22474;24814;16,692869684280286;12,579052440003274;RIO NEGRO;FLORIDA;34,17324933808089;67,71526102054028;36,72022611004221;71,73437762775389
1308;13;8;63;1;15;56;103473;67047;419126;419;20212707;2,2;17767290;1,9;20,213;17,767;;False;62;101;42934;24814;16,692869684280286;12,945926869688737;RIVERA;FLORIDA;33,98187933083993;65,9688442829875;36,72022611004221;71,73437762775389
1408;14;8;45;4;8;31;68088;67047;253255;253;17547856;1,9;17767290;1,9;17,548;17,767;;False;54;101;24443;24814;16,692869684280286;12,442152165252656;ROCHA;FLORIDA;36,931441663729295;67,36970952403371;36,72022611004221;71,73437762775389
1508;15;8;48;7;18;21;124861;67047;427875;428;25542275;2,8;17767290;1,9;25,542;17,767;;False;97;101;53810;24814;16,692869684280286;12,966586375832486;SALTO;FLORIDA;33,297819174922516;66,35408370372274;36,72022611004221;71,73437762775389
1608;16;8;252;37;55;17;108304;67047;96337;96;26930981;2,9;17767290;1,9;26,931;17,767;70039,0;True;154;101;40551;24814;16,692869684280286;11,475607739985847;SAN JOSE;FLORIDA;35,62451986999557;70,87153001936734;36,72022611004221;71,73437762775389
1708;17;8;40;6;9;13;82594;67047;250607;251;22993631;2,5;17767290;1,9;22,994;17,767;;False;85;101;31637;24814;16,692869684280286;12,431641254014881;SORIANO;FLORIDA;35,76436545027484;70,56486944330861;36,72022611004221;71,73437762775389
1808;18;8;92;20;24;57;90051;67047;282751;283;18093592;2,0;17767290;1,9;18,094;17,767;;False;61;101;35648;24814;16,692869684280286;12,552321930665304;TACUAREMBO;FLORIDA;35,0003442493698;65,68821966341896;36,72022611004221;71,73437762775389
1908;19;8;58;9;12;20;48134;67047;238184;238;11720592;1,3;17767290;1,9;11,721;17,767;44278,0;True;38;101;18500;24814;16,692869684280286;12,380798763202296;TREINTA Y TRES;FLORIDA;35,69273278763452;66,06116652354845;36,72022611004221;71,73437762775389
109;1;9;825;99;263;712;1318755;58815;134424;134;465848031;50,3;15594153;1,7;465,848;15,594;;False;3124;54;456072;20753;16,562406594269497;11,808754262557779;MONTEVIDEO;LAVALLEJA;37,481047654795624;70,39570159219609;37,93515259712658;72,52336448598132
209;2;9;15;3;4;15;73377;58815;593134;593;14214980;1,5;15594153;1,7;14,215;15,594;;False;55;54;30880;20753;16,562406594269497;13,293175622098437;ARTIGAS;LAVALLEJA;33,966910612317214;63,54048882317126;37,93515259712658;72,52336448598132
309;3;9;403;60;76;93;520173;58815;114784;115;86306492;9,3;15594153;1,7;86,306;15,594;51167,0;True;563;54;197993;20753;16,562406594269497;11,65080738033201;CANELONES;LAVALLEJA;35,40663971409512;71,04518002114733;37,93515259712658;72,52336448598132
409;4;9;131;45;23;112;84698;58815;268550;269;17048887;1,8;15594153;1,7;17,049;15,594;;False;88;54;33360;20753;16,562406594269497;12,500792395333605;CERRO LARGO;LAVALLEJA;35,614748872464524;65,58203917553142;37,93515259712658;72,52336448598132
509;5;9;19;0;5;17;123203;58815;280944;281;43788749;4,7;15594153;1,7;43,789;15,594;;False;60;54;43030;20753;16,562406594269497;12,545910640199113;COLONIA;LAVALLEJA;37,63241966510556;76,05841493228472;37,93515259712658;72,52336448598132
609;6;9;67;14;17;35;57084;58815;202724;203;13023942;1,4;15594153;1,7;13,024;15,594;;False;40;54;22663;20753;16,562406594269497;12,219600727009865;DURAZNO;LAVALLEJA;35,09302081143578;67,28410796725862;37,93515259712658;72,52336448598132
709;7;9;5;1;1;5;25050;58815;236470;236;7284124;0,8;15594153;1,7;7,284;15,594;;False;28;54;9048;20753;16,562406594269497;12,373576628973705;FLORES;LAVALLEJA;37,06007984031936;75,4187792824594;37,93515259712658;72,52336448598132
809;8;9;163;30;42;36;67047;58815;130899;131;17767290;1,9;15594153;1,7;17,767;15,594;116143,0;True;101;54;24814;20753;16,562406594269497;11,782181312449406;FLORIDA;LAVALLEJA;36,72022611004221;71,73437762775389;37,93515259712658;72,52336448598132
1009;10;9;407;58;82;35;164298;58815;85327;85;51311595;5,5;15594153;1,7;51,312;15,594;151560,0;True;188;54;62922;20753;16,562406594269497;11,354246213289242;MALDONADO;LAVALLEJA;35,05074924831708;73,44975086524454;37,93515259712658;72,52336448598132
1109;11;9;37;8;6;32;113107;58815;422149;422;26828524;2,9;15594153;1,7;26,829;15,594;;False;144;54;46112;20753;16,562406594269497;12,953113611268593;PAYSANDU;LAVALLEJA;34,56219332136826;67,06215335353652;37,93515259712658;72,52336448598132
1209;12;9;15;2;4;9;54765;58815;401274;401;24297744;2,6;15594153;1,7;24,298;15,594;;False;67;54;22474;20753;16,562406594269497;12,902399764721743;RIO NEGRO;LAVALLEJA;34,17324933808089;67,71526102054028;37,93515259712658;72,52336448598132
1309;13;9;49;12;7;34;103473;58815;464972;465;20212707;2,2;15594153;1,7;20,213;15,594;;False;62;54;42934;20753;16,562406594269497;13,04973246770273;RIVERA;LAVALLEJA;33,98187933083993;65,9688442829875;37,93515259712658;72,52336448598132
1409;14;9;130;22;28;74;68088;58815;153094;153;17547856;1,9;15594153;1,7;17,548;15,594;72324,0;True;54;54;24443;20753;16,562406594269497;11,938807390805975;ROCHA;LAVALLEJA;36,931441663729295;67,36970952403371;37,93515259712658;72,52336448598132
1509;15;9;20;6;4;16;124861;58815;543148;543;25542275;2,8;15594153;1,7;25,542;15,594;;False;97;54;53810;20753;16,562406594269497;13,205137121631054;SALTO;LAVALLEJA;33,297819174922516;66,35408370372274;37,93515259712658;72,52336448598132
1609;16;9;44;6;9;31;108304;58815;174449;174;26930981;2,9;15594153;1,7;26,931;15,594;;False;154;54;40551;20753;16,562406594269497;12,06938771429697;SAN JOSE;LAVALLEJA;35,62451986999557;70,87153001936734;37,93515259712658;72,52336448598132
1709;17;9;33;2;1;20;82594;58815;347001;347;22993631;2,5;15594153;1,7;22,994;15,594;;False;85;54;31637;20753;16,562406594269497;12,757082940769225;SORIANO;LAVALLEJA;35,76436545027484;70,56486944330861;37,93515259712658;72,52336448598132
1809;18;9;50;11;11;36;90051;58815;354035;354;18093592;2,0;15594153;1,7;18,094;15,594;;False;61;54;35648;20753;16,562406594269497;12,777151057285087;TACUAREMBO;LAVALLEJA;35,0003442493698;65,68821966341896;37,93515259712658;72,52336448598132
1909;19;9;172;42;35;63;48134;58815;163101;163;11720592;1,3;15594153;1,7;11,721;15,594;128202,0;True;38;54;18500;20753;16,562406594269497;12,002124919798158;TREINTA Y TRES;LAVALLEJA;35,69273278763452;66,06116652354845;37,93515259712658;72,52336448598132
110;1;10;3914;473;1051;3075;1318755;164298;124272;124;465848031;50,3;51311595;5,5;465,848;51,312;;False;3124;188;456072;62922;17,753427307993373;11,73022799065943;MONTEVIDEO;MALDONADO;37,481047654795624;70,39570159219609;35,05074924831708;73,44975086524454
210;2;10;472;144;84;460;73377;164298;658957;659;14214980;1,5;51311595;5,5;14,215;51,312;;False;55;188;30880;62922;17,753427307993373;13,398413560976383;ARTIGAS;MALDONADO;33,966910612317214;63,54048882317126;35,05074924831708;73,44975086524454
310;3;10;1345;245;285;703;520173;164298;113438;113;86306492;9,3;51311595;5,5;86,306;51,312;24113,0;True;563;188;197993;62922;17,753427307993373;11,639011711145091;CANELONES;MALDONADO;35,40663971409512;71,04518002114733;35,05074924831708;73,44975086524454
410;4;10;810;260;147;759;84698;164298;322406;322;17048887;1,8;51311595;5,5;17,049;51,312;;False;88;188;33360;62922;17,753427307993373;12,683566899863274;CERRO LARGO;MALDONADO;35,614748872464524;65,58203917553142;35,05074924831708;73,44975086524454
510;5;10;309;60;60;288;123203;164298;296954;297;43788749;4,7;51311595;5,5;43,789;51,312;;False;60;188;43030;62922;17,753427307993373;12,601332523634476;COLONIA;MALDONADO;37,63241966510556;76,05841493228472;35,05074924831708;73,44975086524454
610;6;10;198;52;44;176;57084;164298;260638;261;13023942;1,4;51311595;5,5;13,024;51,312;;False;40;188;22663;62922;17,753427307993373;12,470887750387156;DURAZNO;MALDONADO;35,09302081143578;67,28410796725862;35,05074924831708;73,44975086524454
710;7;10;79;18;18;67;25050;164298;272160;272;7284124;0,8;51311595;5,5;7,284;51,312;;False;28;188;9048;62922;17,753427307993373;12,51414540762969;FLORES;MALDONADO;37,06007984031936;75,4187792824594;35,05074924831708;73,44975086524454
810;8;10;310;64;75;280;67047;164298;166590;167;17767290;1,9;51311595;5,5;17,767;51,312;;False;101;188;24814;62922;17,753427307993373;12,023290982903763;FLORIDA;MALDONADO;36,72022611004221;71,73437762775389;35,05074924831708;73,44975086524454
910;9;10;936;222;182;140;58815;164298;86435;86;15594153;1,7;51311595;5,5;15,594;51,312;151560,0;True;54;188;20753;62922;17,753427307993373;11,367147965356887;LAVALLEJA;MALDONADO;37,93515259712658;72,52336448598132;35,05074924831708;73,44975086524454
1110;11;10;420;116;98;382;113107;164298;457840;458;26828524;2,9;51311595;5,5;26,829;51,312;;False;144;188;46112;62922;17,753427307993373;13,034275057082985;PAYSANDU;MALDONADO;34,56219332136826;67,06215335353652;35,05074924831708;73,44975086524454
1210;12;10;223;44;50;205;54765;164298;424153;424;24297744;2,6;51311595;5,5;24,298;51,312;;False;67;188;22474;62922;17,753427307993373;12,957849518180335;RIO NEGRO;MALDONADO;34,17324933808089;67,71526102054028;35,05074924831708;73,44975086524454
1310;13;10;227;57;34;218;103473;164298;533774;534;20212707;2,2;51311595;5,5;20,213;51,312;;False;62;188;42934;62922;17,753427307993373;13,187727807385276;RIVERA;MALDONADO;33,98187933083993;65,9688442829875;35,05074924831708;73,44975086524454
1410;14;10;952;245;182;552;68088;164298;141481;141;17547856;1,9;51311595;5,5;17,548;51,312;117320,0;True;54;188;24443;62922;17,753427307993373;11,859920711431277;ROCHA;MALDONADO;36,931441663729295;67,36970952403371;35,05074924831708;73,44975086524454
1510;15;10;484;140;131;462;124861;164298;574428;574;25542275;2,8;51311595;5,5;25,542;51,312;;False;97;188;53810;62922;17,753427307993373;13,261130042046185;SALTO;MALDONADO;33,297819174922516;66,35408370372274;35,05074924831708;73,44975086524454
1610;16;10;230;30;51;191;108304;164298;191221;191;26930981;2,9;51311595;5,5;26,931;51,312;;False;154;188;40551;62922;17,753427307993373;12,16118510620426;SAN JOSE;MALDONADO;35,62451986999557;70,87153001936734;35,05074924831708;73,44975086524454
1710;17;10;335;85;72;317;82594;164298;366071;366;22993631;2,5;51311595;5,5;22,994;51,312;;False;85;188;31637;62922;17,753427307993373;12,810582582641095;SORIANO;MALDONADO;35,76436545027484;70,56486944330861;35,05074924831708;73,44975086524454
1810;18;10;363;89;88;331;90051;164298;419858;420;18093592;2,0;51311595;5,5;18,094;51,312;;False;61;188;35648;62922;17,753427307993373;12,947671837854376;TACUAREMBO;MALDONADO;35,0003442493698;65,68821966341896;35,05074924831708;73,44975086524454
1910;19;10;776;222;188;718;48134;164298;216958;217;11720592;1,3;51311595;5,5;11,721;51,312;;False;38;188;18500;62922;17,753427307993373;12,287459065402594;TREINTA Y TRES;MALDONADO;35,69273278763452;66,06116652354845;35,05074924831708;73,44975086524454
111;1;11;1075;206;390;1052;1318755;113107;367994;368;465848031;50,3;26828524;2,9;465,848;26,829;;False;3124;144;456072;46112;17,104976207843436;12,815821912670325;MONTEVIDEO;PAYSANDU;37,481047654795624;70,39570159219609;34,56219332136826;67,06215335353652
211;2;11;200;59;43;184;73377;113107;304617;305;14214980;1,5;26828524;2,9;14,215;26,829;;False;55;144;30880;46112;17,104976207843436;12,626810528785368;ARTIGAS;PAYSANDU;33,966910612317214;63,54048882317126;34,56219332136826;67,06215335353652
311;3;11;148;31;39;128;520173;113107;359961;360;86306492;9,3;26828524;2,9;86,306;26,829;;False;563;144;197993;46112;17,104976207843436;12,79375097123048;CANELONES;PAYSANDU;35,40663971409512;71,04518002114733;34,56219332136826;67,06215335353652
411;4;11;61;8;11;49;84698;113107;444743;445;17048887;1,8;26828524;2,9;17,049;26,829;;False;88;144;33360;46112;17,104976207843436;13,005251866224905;CERRO LARGO;PAYSANDU;35,614748872464524;65,58203917553142;34,56219332136826;67,06215335353652
511;5;11;71;36;7;66;123203;113107;251002;251;43788749;4,7;26828524;2,9;43,789;26,829;;False;60;144;43030;46112;17,104976207843436;12,433216186209666;COLONIA;PAYSANDU;37,63241966510556;76,05841493228472;34,56219332136826;67,06215335353652
611;6;11;59;23;10;52;57084;113107;256308;256;13023942;1,4;26828524;2,9;13,024;26,829;;False;40;144;22663;46112;17,104976207843436;12,454135125286806;DURAZNO;PAYSANDU;35,09302081143578;67,28410796725862;34,56219332136826;67,06215335353652
711;7;11;30;19;5;30;25050;113107;186959;187;7284124;0,8;26828524;2,9;7,284;26,829;;False;28;144;9048;46112;17,104976207843436;12,138644620460736;FLORES;PAYSANDU;37,06007984031936;75,4187792824594;34,56219332136826;67,06215335353652
811;8;11;47;17;11;42;67047;113107;311240;311;17767290;1,9;26828524;2,9;17,767;26,829;;False;101;144;24814;46112;17,104976207843436;12,648319597730866;FLORIDA;PAYSANDU;36,72022611004221;71,73437762775389;34,56219332136826;67,06215335353652
911;9;11;28;7;8;22;58815;113107;422102;422;15594153;1,7;26828524;2,9;15,594;26,829;;False;54;144;20753;46112;17,104976207843436;12,953002269973059;LAVALLEJA;PAYSANDU;37,93515259712658;72,52336448598132;34,56219332136826;67,06215335353652
1011;10;11;95;18;18;84;164298;113107;457785;458;51311595;5,5;26828524;2,9;51,312;26,829;;False;188;144;62922;46112;17,104976207843436;13,034154920564069;MALDONADO;PAYSANDU;35,05074924831708;73,44975086524454;34,56219332136826;67,06215335353652
1211;12;11;516;140;94;90;54765;113107;78652;79;24297744;2,6;26828524;2,9;24,298;26,829;203139,0;True;67;144;22474;46112;17,104976207843436;11,272788337279447;RIO NEGRO;PAYSANDU;34,17324933808089;67,71526102054028;34,56219332136826;67,06215335353652
1311;13;11;143;42;27;132;103473;113107;340541;341;20212707;2,2;26828524;2,9;20,213;26,829;;False;62;144;42934;46112;17,104976207843436;12,73829080848292;RIVERA;PAYSANDU;33,98187933083993;65,9688442829875;34,56219332136826;67,06215335353652
1411;14;11;32;6;1;30;68088;113107;536157;536;17547856;1,9;26828524;2,9;17,548;26,829;;False;54;144;24443;46112;17,104976207843436;13,19218230761081;ROCHA;PAYSANDU;36,931441663729295;67,36970952403371;34,56219332136826;67,06215335353652
1511;15;11;564;184;138;366;124861;113107;121842;122;25542275;2,8;26828524;2,9;25,542;26,829;204668,0;True;97;144;53810;46112;17,104976207843436;11,710480402404773;SALTO;PAYSANDU;33,297819174922516;66,35408370372274;34,56219332136826;67,06215335353652
1611;16;11;59;11;12;48;108304;113107;306476;306;26930981;2,9;26828524;2,9;26,931;26,829;;False;154;144;40551;46112;17,104976207843436;12,632894727866756;SAN JOSE;PAYSANDU;35,62451986999557;70,87153001936734;34,56219332136826;67,06215335353652
1711;17;11;181;85;17;162;82594;113107;145587;146;22993631;2,5;26828524;2,9;22,994;26,829;;False;85;144;31637;46112;17,104976207843436;11,888529125044231;SORIANO;PAYSANDU;35,76436545027484;70,56486944330861;34,56219332136826;67,06215335353652
1811;18;11;261;84;43;125;90051;113107;240569;241;18093592;2,0;26828524;2,9;18,094;26,829;98654,0;True;61;144;35648;46112;17,104976207843436;12,390762229666265;TACUAREMBO;PAYSANDU;35,0003442493698;65,68821966341896;34,56219332136826;67,06215335353652
1911;19;11;16;1;5;15;48134;113107;454655;455;11720592;1,3;26828524;2,9;11,721;26,829;;False;38;144;18500;46112;17,104976207843436;13,027294168564168;TREINTA Y TRES;PAYSANDU;35,69273278763452;66,06116652354845;34,56219332136826;67,06215335353652
112;1;12;886;105;320;816;1318755;54765;314776;315;465848031;50,3;24297744;2,6;465,848;24,298;;False;3124;67;456072;22474;17,00589406449475;12,659616553737225;MONTEVIDEO;RIO NEGRO;37,481047654795624;70,39570159219609;34,17324933808089;67,71526102054028
212;2;12;57;11;15;45;73377;54765;380391;380;14214980;1,5;24297744;2,6;14,215;24,298;;False;55;67;30880;22474;17,00589406449475;12,848954950067492;ARTIGAS;RIO NEGRO;33,966910612317214;63,54048882317126;34,17324933808089;67,71526102054028
312;3;12;154;19;33;120;520173;54765;313044;313;86306492;9,3;24297744;2,6;86,306;24,298;;False;563;67;197993;22474;17,00589406449475;12,654099034722412;CANELONES;RIO NEGRO;35,40663971409512;71,04518002114733;34,17324933808089;67,71526102054028
412;4;12;41;8;8;36;84698;54765;486397;486;17048887;1,8;24297744;2,6;17,049;24,298;;False;88;67;33360;22474;17,00589406449475;13,094780441851915;CERRO LARGO;RIO NEGRO;35,614748872464524;65,58203917553142;34,17324933808089;67,71526102054028
512;5;12;88;20;16;75;123203;54765;173119;173;43788749;4,7;24297744;2,6;43,789;24,298;;False;60;67;43030;22474;17,00589406449475;12,06173449828346;COLONIA;RIO NEGRO;37,63241966510556;76,05841493228472;34,17324933808089;67,71526102054028
612;6;12;62;7;11;28;57084;54765;235433;235;13023942;1,4;24297744;2,6;13,024;24,298;112081,0;True;40;67;22663;22474;17,00589406449475;12,369181650898934;DURAZNO;RIO NEGRO;35,09302081143578;67,28410796725862;34,17324933808089;67,71526102054028
712;7;12;36;8;12;26;25050;54765;166083;166;7284124;0,8;24297744;2,6;7,284;24,298;2760,0;True;28;67;9048;22474;17,00589406449475;12,020242942380332;FLORES;RIO NEGRO;37,06007984031936;75,4187792824594;34,17324933808089;67,71526102054028
812;8;12;30;6;8;16;67047;54765;290364;290;17767290;1,9;24297744;2,6;17,767;24,298;;False;101;67;24814;22474;17,00589406449475;12,578890587306093;FLORIDA;RIO NEGRO;36,72022611004221;71,73437762775389;34,17324933808089;67,71526102054028
912;9;12;11;0;4;5;58815;54765;401227;401;15594153;1,7;24297744;2,6;15,594;24,298;;False;54;67;20753;22474;17,00589406449475;12,902282630911184;LAVALLEJA;RIO NEGRO;37,93515259712658;72,52336448598132;34,17324933808089;67,71526102054028
1012;10;12;95;13;27;79;164298;54765;423946;424;51311595;5,5;24297744;2,6;51,312;24,298;;False;188;67;62922;22474;17,00589406449475;12,957361367612748;MALDONADO;RIO NEGRO;35,05074924831708;73,44975086524454;34,17324933808089;67,71526102054028
1112;11;12;640;125;146;174;113107;54765;78652;79;26828524;2,9;24297744;2,6;26,829;24,298;203139,0;True;144;67;46112;22474;17,00589406449475;11,272788337279447;PAYSANDU;RIO NEGRO;34,56219332136826;67,06215335353652;34,17324933808089;67,71526102054028
1312;13;12;36;6;5;23;103473;54765;382195;382;20212707;2,2;24297744;2,6;20,213;24,298;;False;62;67;42934;22474;17,00589406449475;12,853686228546799;RIVERA;RIO NEGRO;33,98187933083993;65,9688442829875;34,17324933808089;67,71526102054028
1412;14;12;30;7;4;28;68088;54765;515282;515;17547856;1,9;24297744;2,6;17,548;24,298;;False;54;67;24443;22474;17,00589406449475;13,152469602598117;ROCHA;RIO NEGRO;36,931441663729295;67,36970952403371;34,17324933808089;67,71526102054028
1512;15;12;161;28;48;123;124861;54765;197616;198;25542275;2,8;24297744;2,6;25,542;24,298;;False;97;67;53810;22474;17,00589406449475;12,194081032677795;SALTO;RIO NEGRO;33,297819174922516;66,35408370372274;34,17324933808089;67,71526102054028
1612;16;12;55;6;10;37;108304;54765;255902;256;26930981;2,9;24297744;2,6;26,931;24,298;;False;154;67;40551;22474;17,00589406449475;12,45254983767029;SAN JOSE;RIO NEGRO;35,62451986999557;70,87153001936734;34,17324933808089;67,71526102054028
1712;17;12;372;58;81;38;82594;54765;67704;68;22993631;2,5;24297744;2,6;22,994;24,298;177941,0;True;85;67;31637;22474;17,00589406449475;11,122900541349942;SORIANO;RIO NEGRO;35,76436545027484;70,56486944330861;34,17324933808089;67,71526102054028
1812;18;12;134;20;37;69;90051;54765;282223;282;18093592;2,0;24297744;2,6;18,094;24,298;39858,0;True;61;67;35648;22474;17,00589406449475;12,550452817560215;TACUAREMBO;RIO NEGRO;35,0003442493698;65,68821966341896;34,17324933808089;67,71526102054028
1912;19;12;16;0;2;13;48134;54765;443288;443;11720592;1,3;24297744;2,6;11,721;24,298;;False;38;67;18500;22474;17,00589406449475;13,001974950662264;TREINTA Y TRES;RIO NEGRO;35,69273278763452;66,06116652354845;34,17324933808089;67,71526102054028
113;1;13;1665;200;496;1620;1318755;103473;496031;496;465848031;50,3;20212707;2,2;465,848;20,213;;False;3124;62;456072;42934;16,821822024002444;13,11439370375402;MONTEVIDEO;RIVERA;37,481047654795624;70,39570159219609;33,98187933083993;65,9688442829875
213;2;13;146;41;27;131;73377;103473;165817;166;14214980;1,5;20212707;2,2;14,215;20,213;;False;55;62;30880;42934;16,821822024002444;12,018640049599663;ARTIGAS;RIVERA;33,966910612317214;63,54048882317126;33,98187933083993;65,9688442829875
313;3;13;320;37;57;287;520173;103473;487220;487;86306492;9,3;20212707;2,2;86,306;20,213;;False;563;62;197993;42934;16,821822024002444;13,09647104543838;CANELONES;RIVERA;35,40663971409512;71,04518002114733;33,98187933083993;65,9688442829875
413;4;13;145;40;20;117;84698;103473;240871;241;17048887;1,8;20212707;2,2;17,049;20,213;64044,0;True;88;62;33360;42934;16,821822024002444;12,392016799455277;CERRO LARGO;RIVERA;35,614748872464524;65,58203917553142;33,98187933083993;65,9688442829875
513;5;13;34;8;4;28;123203;103473;484613;485;43788749;4,7;20212707;2,2;43,789;20,213;;False;60;62;43030;42934;16,821822024002444;13,091105913253198;COLONIA;RIVERA;37,63241966510556;76,05841493228472;33,98187933083993;65,9688442829875
613;6;13;42;9;9;35;57084;103473;336484;336;13023942;1,4;20212707;2,2;13,024;20,213;;False;40;62;22663;42934;16,821822024002444;12,726305878645231;DURAZNO;RIVERA;35,09302081143578;67,28410796725862;33,98187933083993;65,9688442829875
713;7;13;10;1;3;8;25050;103473;359348;359;7284124;0,8;20212707;2,2;7,284;20,213;;False;28;62;9048;42934;16,821822024002444;12,792046557276537;FLORES;RIVERA;37,06007984031936;75,4187792824594;33,98187933083993;65,9688442829875
813;8;13;46;9;7;34;67047;103473;419126;419;17767290;1,9;20212707;2,2;17,767;20,213;;False;101;62;24814;42934;16,821822024002444;12,945926869688737;FLORIDA;RIVERA;36,72022611004221;71,73437762775389;33,98187933083993;65,9688442829875
913;9;13;25;8;5;22;58815;103473;464972;465;15594153;1,7;20212707;2,2;15,594;20,213;;False;54;62;20753;42934;16,821822024002444;13,04973246770273;LAVALLEJA;RIVERA;37,93515259712658;72,52336448598132;33,98187933083993;65,9688442829875
1013;10;13;117;13;34;111;164298;103473;533797;534;51311595;5,5;20212707;2,2;51,312;20,213;;False;188;62;62922;42934;16,821822024002444;13,18777089585434;MALDONADO;RIVERA;35,05074924831708;73,44975086524454;33,98187933083993;65,9688442829875
1113;11;13;66;10;23;62;113107;103473;340541;341;26828524;2,9;20212707;2,2;26,829;20,213;;False;144;62;46112;42934;16,821822024002444;12,73829080848292;PAYSANDU;RIVERA;34,56219332136826;67,06215335353652;33,98187933083993;65,9688442829875
1213;12;13;54;4;13;47;54765;103473;382195;382;24297744;2,6;20212707;2,2;24,298;20,213;;False;67;62;22474;42934;16,821822024002444;12,853686228546799;RIO NEGRO;RIVERA;34,17324933808089;67,71526102054028;33,98187933083993;65,9688442829875
1413;14;13;17;1;5;17;68088;103473;466323;466;17547856;1,9;20212707;2,2;17,548;20,213;;False;54;62;24443;42934;16,821822024002444;13,052633806049226;ROCHA;RIVERA;36,931441663729295;67,36970952403371;33,98187933083993;65,9688442829875
1513;15;13;97;19;17;62;124861;103473;286873;287;25542275;2,8;20212707;2,2;25,542;20,213;26429,0;True;97;62;53810;42934;16,821822024002444;12,566794888095085;SALTO;RIVERA;33,297819174922516;66,35408370372274;33,98187933083993;65,9688442829875
1613;16;13;32;2;7;30;108304;103473;459885;460;26930981;2,9;20212707;2,2;26,931;20,213;;False;154;62;40551;42934;16,821822024002444;13,03873173721007;SAN JOSE;RIVERA;35,62451986999557;70,87153001936734;33,98187933083993;65,9688442829875
1713;17;13;18;4;4;13;82594;103473;446333;446;22993631;2,5;20212707;2,2;22,994;20,213;;False;85;62;31637;42934;16,821822024002444;13,008820589178931;SORIANO;RIVERA;35,76436545027484;70,56486944330861;33,98187933083993;65,9688442829875
1813;18;13;421;96;83;227;90051;103473;145310;145;18093592;2,0;20212707;2,2;18,094;20,213;214679,0;True;61;62;35648;42934;16,821822024002444;11,886624670314742;TACUAREMBO;RIVERA;35,0003442493698;65,68821966341896;33,98187933083993;65,9688442829875
1913;19;13;23;6;4;20;48134;103473;324423;324;11720592;1,3;20212707;2,2;11,721;20,213;;False;38;62;18500;42934;16,821822024002444;12,689803498833404;TREINTA Y TRES;RIVERA;35,69273278763452;66,06116652354845;33,98187933083993;65,9688442829875
114;1;14;1266;147;360;1203;1318755;68088;252064;252;465848031;50,3;17547856;1,9;465,848;17,548;;False;3124;54;456072;24443;16,680442335171204;12,43743830250305;MONTEVIDEO;ROCHA;37,481047654795624;70,39570159219609;36,931441663729295;67,36970952403371
214;2;14;47;7;17;45;73377;68088;623189;623;14214980;1,5;17547856;1,9;14,215;17,548;;False;55;54;30880;24443;16,680442335171204;13,342605122548495;ARTIGAS;ROCHA;33,966910612317214;63,54048882317126;36,931441663729295;67,36970952403371
314;3;14;360;44;70;296;520173;68088;232423;232;86306492;9,3;17547856;1,9;86,306;17,548;;False;563;54;197993;24443;16,680442335171204;12,356314266360716;CANELONES;ROCHA;35,40663971409512;71,04518002114733;36,931441663729295;67,36970952403371
414;4;14;95;17;14;77;84698;68088;254936;255;17048887;1,8;17547856;1,9;17,049;17,548;;False;88;54;33360;24443;16,680442335171204;12,448767812247556;CERRO LARGO;ROCHA;35,614748872464524;65,58203917553142;36,931441663729295;67,36970952403371
514;5;14;35;8;6;28;123203;68088;398583;399;43788749;4,7;17547856;1,9;43,789;17,548;;False;60;54;43030;24443;16,680442335171204;12,895671036578872;COLONIA;ROCHA;37,63241966510556;76,05841493228472;36,931441663729295;67,36970952403371
614;6;14;61;6;14;41;57084;68088;299700;300;13023942;1,4;17547856;1,9;13,024;17,548;;False;40;54;22663;24443;16,680442335171204;12,610537253304754;DURAZNO;ROCHA;35,09302081143578;67,28410796725862;36,931441663729295;67,36970952403371
714;7;14;13;1;6;3;25050;68088;350525;351;7284124;0,8;17547856;1,9;7,284;17,548;;False;28;54;9048;24443;16,680442335171204;12,767187309589332;FLORES;ROCHA;37,06007984031936;75,4187792824594;36,931441663729295;67,36970952403371
814;8;14;62;8;5;53;67047;68088;253261;253;17767290;1,9;17547856;1,9;17,767;17,548;;False;101;54;24814;24443;16,680442335171204;12,442175856508216;FLORIDA;ROCHA;36,72022611004221;71,73437762775389;36,931441663729295;67,36970952403371
914;9;14;150;25;38;88;58815;68088;153094;153;15594153;1,7;17547856;1,9;15,594;17,548;72324,0;True;54;54;20753;24443;16,680442335171204;11,938807390805975;LAVALLEJA;ROCHA;37,93515259712658;72,52336448598132;36,931441663729295;67,36970952403371
1014;10;14;535;79;118;231;164298;68088;141478;141;51311595;5,5;17547856;1,9;51,312;17,548;117320,0;True;188;54;62922;24443;16,680442335171204;11,85989950694582;MALDONADO;ROCHA;35,05074924831708;73,44975086524454;36,931441663729295;67,36970952403371
1114;11;14;50;7;16;39;113107;68088;536205;536;26828524;2,9;17547856;1,9;26,829;17,548;;False;144;54;46112;24443;16,680442335171204;13,192271829619296;PAYSANDU;ROCHA;34,56219332136826;67,06215335353652;36,931441663729295;67,36970952403371
1214;12;14;48;8;10;47;54765;68088;515329;515;24297744;2,6;17547856;1,9;24,298;17,548;;False;67;54;22474;24443;16,680442335171204;13,152560810629145;RIO NEGRO;ROCHA;34,17324933808089;67,71526102054028;36,931441663729295;67,36970952403371
1314;13;14;46;6;13;43;103473;68088;466304;466;20212707;2,2;17547856;1,9;20,213;17,548;;False;62;54;42934;24443;16,680442335171204;13,052593060928182;RIVERA;ROCHA;33,98187933083993;65,9688442829875;36,931441663729295;67,36970952403371
1514;15;14;38;6;11;37;124861;68088;624205;624;25542275;2,8;17547856;1,9;25,542;17,548;;False;97;54;53810;24443;16,680442335171204;13,344234119039859;SALTO;ROCHA;33,297819174922516;66,35408370372274;36,931441663729295;67,36970952403371
1614;16;14;47;4;10;35;108304;68088;292089;292;26930981;2,9;17547856;1,9;26,931;17,548;;False;154;54;40551;24443;16,680442335171204;12,584813829330553;SAN JOSE;ROCHA;35,62451986999557;70,87153001936734;36,931441663729295;67,36970952403371
1714;17;14;46;5;4;34;82594;68088;464640;465;22993631;2,5;17547856;1,9;22,994;17,548;;False;85;54;31637;24443;16,680442335171204;13,049018191178513;SORIANO;ROCHA;35,76436545027484;70,56486944330861;36,931441663729295;67,36970952403371
1814;18;14;35;5;4;26;90051;68088;410429;410;18093592;2,0;17547856;1,9;18,094;17,548;;False;61;54;35648;24443;16,680442335171204;12,924958233110232;TACUAREMBO;ROCHA;35,0003442493698;65,68821966341896;36,931441663729295;67,36970952403371
1914;19;14;174;37;31;123;48134;68088;149488;149;11720592;1,3;17547856;1,9;11,721;17,548;71205,0;True;38;54;18500;24443;16,680442335171204;11,914971401032737;TREINTA Y TRES;ROCHA;35,69273278763452;66,06116652354845;36,931441663729295;67,36970952403371
115;1;15;1547;197;453;1467;1318755;124861;486960;487;465848031;50,3;25542275;2,8;465,848;25,542;;False;3124;97;456072;53810;17,05584548056092;13,095937263167807;MONTEVIDEO;SALTO;37,481047654795624;70,39570159219609;33,297819174922516;66,35408370372274
215;2;15;794;336;93;633;73377;124861;184479;184;14214980;1,5;25542275;2,8;14,215;25,542;197272,0;True;55;97;30880;53810;17,05584548056092;12,12529091484639;ARTIGAS;SALTO;33,966910612317214;63,54048882317126;33,297819174922516;66,35408370372274
315;3;15;159;28;30;139;520173;124861;478928;479;86306492;9,3;25542275;2,8;86,306;25,542;;False;563;97;197993;53810;17,05584548056092;13,079305551942497;CANELONES;SALTO;35,40663971409512;71,04518002114733;33,297819174922516;66,35408370372274
415;4;15;19;4;2;12;84698;124861;427098;427;17048887;1,8;25542275;2,8;17,049;25,542;;False;88;97;33360;53810;17,05584548056092;12,964768774074505;CERRO LARGO;SALTO;35,614748872464524;65,58203917553142;33,297819174922516;66,35408370372274
515;5;15;68;2;18;65;123203;124861;369969;370;43788749;4,7;25542275;2,8;43,789;25,542;;False;60;97;43030;53810;17,05584548056092;12,821174497326567;COLONIA;SALTO;37,63241966510556;76,05841493228472;33,297819174922516;66,35408370372274
615;6;15;28;1;4;18;57084;124861;347928;348;13023942;1,4;25542275;2,8;13,024;25,542;;False;40;97;22663;53810;17,05584548056092;12,759750840798842;DURAZNO;SALTO;35,09302081143578;67,28410796725862;33,297819174922516;66,35408370372274
715;7;15;17;6;1;13;25050;124861;305926;306;7284124;0,8;25542275;2,8;7,284;25,542;;False;28;97;9048;53810;17,05584548056092;12,631098521623553;FLORES;SALTO;37,06007984031936;75,4187792824594;33,297819174922516;66,35408370372274
815;8;15;19;0;1;18;67047;124861;427824;428;17767290;1,9;25542275;2,8;17,767;25,542;;False;101;97;24814;53810;17,05584548056092;12,96646717503861;FLORIDA;SALTO;36,72022611004221;71,73437762775389;33,297819174922516;66,35408370372274
915;9;15;15;4;3;11;58815;124861;542686;543;15594153;1,7;25542275;2,8;15,594;25,542;;False;54;97;20753;53810;17,05584548056092;13,20428616277753;LAVALLEJA;SALTO;37,93515259712658;72,52336448598132;33,297819174922516;66,35408370372274
1015;10;15;98;20;26;95;164298;124861;574370;574;51311595;5,5;25542275;2,8;51,312;25,542;;False;188;97;62922;53810;17,05584548056092;13,261029066939944;MALDONADO;SALTO;35,05074924831708;73,44975086524454;33,297819174922516;66,35408370372274
1115;11;15;480;218;82;320;113107;124861;121845;122;26828524;2,9;25542275;2,8;26,829;25,542;204668,0;True;144;97;46112;53810;17,05584548056092;11,710505024153164;PAYSANDU;SALTO;34,56219332136826;67,06215335353652;33,297819174922516;66,35408370372274
1215;12;15;133;70;13;125;54765;124861;197619;198;24297744;2,6;25542275;2,8;24,298;25,542;;False;67;97;22474;53810;17,05584548056092;12,194096213519574;RIO NEGRO;SALTO;34,17324933808089;67,71526102054028;33,297819174922516;66,35408370372274
1315;13;15;120;41;17;75;103473;124861;286873;287;20212707;2,2;25542275;2,8;20,213;25,542;26429,0;True;62;97;42934;53810;17,05584548056092;12,566794888095085;RIVERA;SALTO;33,98187933083993;65,9688442829875;33,297819174922516;66,35408370372274
1415;14;15;29;7;4;23;68088;124861;624205;624;17547856;1,9;25542275;2,8;17,548;25,542;;False;54;97;24443;53810;17,05584548056092;13,344234119039859;ROCHA;SALTO;36,931441663729295;67,36970952403371;33,297819174922516;66,35408370372274
1615;16;15;30;4;9;25;108304;124861;425443;425;26930981;2,9;25542275;2,8;26,931;25,542;;False;154;97;40551;53810;17,05584548056092;12,960886257975114;SAN JOSE;SALTO;35,62451986999557;70,87153001936734;33,297819174922516;66,35408370372274
1715;17;15;98;24;16;89;82594;124861;264554;265;22993631;2,5;25542275;2,8;22,994;25,542;;False;85;97;31637;53810;17,05584548056092;12,485800668233091;SORIANO;SALTO;35,76436545027484;70,56486944330861;33,297819174922516;66,35408370372274
1815;18;15;174;64;22;113;90051;124861;235321;235;18093592;2,0;25542275;2,8;18,094;25,542;68683,0;True;61;97;35648;53810;17,05584548056092;12,368705818501914;TACUAREMBO;SALTO;35,0003442493698;65,68821966341896;33,297819174922516;66,35408370372274
1915;19;15;13;3;3;13;48134;124861;486999;487;11720592;1,3;25542275;2,8;11,721;25,542;;False;38;97;18500;53810;17,05584548056092;13,096017348674529;TREINTA Y TRES;SALTO;35,69273278763452;66,06116652354845;33,297819174922516;66,35408370372274
116;1;16;4209;549;985;11;1318755;108304;67040;67;465848031;50,3;26930981;2,9;465,848;26,931;5400,0;True;3124;154;456072;40551;17,108787891900022;11,113044735155965;MONTEVIDEO;SAN JOSE;37,481047654795624;70,39570159219609;35,62451986999557;70,87153001936734
216;2;16;92;20;14;76;73377;108304;570254;570;14214980;1,5;26930981;2,9;14,215;26,931;;False;55;154;30880;40551;17,108787891900022;13,253837154589371;ARTIGAS;SAN JOSE;33,966910612317214;63,54048882317126;35,62451986999557;70,87153001936734
316;3;16;908;129;177;66;520173;108304;82580;83;86306492;9,3;26930981;2,9;86,306;26,931;48749,0;True;563;154;197993;40551;17,108787891900022;11,321522799440082;CANELONES;SAN JOSE;35,40663971409512;71,04518002114733;35,62451986999557;70,87153001936734
416;4;16;49;10;6;40;84698;108304;417388;417;17048887;1,8;26930981;2,9;17,049;26,931;;False;88;154;33360;40551;17,108787891900022;12,941771523810912;CERRO LARGO;SAN JOSE;35,614748872464524;65,58203917553142;35,62451986999557;70,87153001936734
516;5;16;269;52;45;66;123203;108304;123288;123;43788749;4,7;26930981;2,9;43,789;26,931;67607,0;True;60;154;43030;40551;17,108787891900022;11,722278360815213;COLONIA;SAN JOSE;37,63241966510556;76,05841493228472;35,62451986999557;70,87153001936734
616;6;16;124;24;31;83;57084;108304;174995;175;13023942;1,4;26930981;2,9;13,024;26,931;;False;40;154;22663;40551;17,108787891900022;12,07251268106891;DURAZNO;SAN JOSE;35,09302081143578;67,28410796725862;35,62451986999557;70,87153001936734
716;7;16;116;22;24;17;25050;108304;120843;121;7284124;0,8;26930981;2,9;7,284;26,931;69905,0;True;28;154;9048;40551;17,108787891900022;11,702247461408927;FLORES;SAN JOSE;37,06007984031936;75,4187792824594;35,62451986999557;70,87153001936734
816;8;16;321;62;68;39;67047;108304;96337;96;17767290;1,9;26930981;2,9;17,767;26,931;70039,0;True;101;154;24814;40551;17,108787891900022;11,475607739985847;FLORIDA;SAN JOSE;36,72022611004221;71,73437762775389;35,62451986999557;70,87153001936734
916;9;16;45;6;10;28;58815;108304;174452;174;15594153;1,7;26930981;2,9;15,594;26,931;;False;54;154;20753;40551;17,108787891900022;12,06940491115224;LAVALLEJA;SAN JOSE;37,93515259712658;72,52336448598132;35,62451986999557;70,87153001936734
1016;10;16;131;27;26;107;164298;108304;191187;191;51311595;5,5;26930981;2,9;51,312;26,931;;False;188;154;62922;40551;17,108787891900022;12,161007285656103;MALDONADO;SAN JOSE;35,05074924831708;73,44975086524454;35,62451986999557;70,87153001936734
1116;11;16;116;22;19;73;113107;108304;306523;307;26828524;2,9;26930981;2,9;26,829;26,931;;False;144;154;46112;40551;17,108787891900022;12,63304807232602;PAYSANDU;SAN JOSE;34,56219332136826;67,06215335353652;35,62451986999557;70,87153001936734
1216;12;16;107;17;18;68;54765;108304;256067;256;24297744;2,6;26930981;2,9;24,298;26,931;;False;67;154;22474;40551;17,108787891900022;12,453194407969322;RIO NEGRO;SAN JOSE;34,17324933808089;67,71526102054028;35,62451986999557;70,87153001936734
1316;13;16;99;16;20;89;103473;108304;459885;460;20212707;2,2;26930981;2,9;20,213;26,931;;False;62;154;42934;40551;17,108787891900022;13,03873173721007;RIVERA;SAN JOSE;33,98187933083993;65,9688442829875;35,62451986999557;70,87153001936734
1416;14;16;45;6;13;36;68088;108304;292086;292;17547856;1,9;26930981;2,9;17,548;26,931;;False;54;154;24443;40551;17,108787891900022;12,584803558435702;ROCHA;SAN JOSE;36,931441663729295;67,36970952403371;35,62451986999557;70,87153001936734
1516;15;16;99;26;23;75;124861;108304;425487;425;25542275;2,8;26930981;2,9;25,542;26,931;;False;97;154;53810;40551;17,108787891900022;12,960989674237414;SALTO;SAN JOSE;33,297819174922516;66,35408370372274;35,62451986999557;70,87153001936734
1716;17;16;147;30;32;74;82594;108304;197985;198;22993631;2,5;26930981;2,9;22,994;26,931;;False;85;154;31637;40551;17,108787891900022;12,195946549231165;SORIANO;SAN JOSE;35,76436545027484;70,56486944330861;35,62451986999557;70,87153001936734
1816;18;16;88;15;13;61;90051;108304;323511;324;18093592;2,0;26930981;2,9;18,094;26,931;;False;61;154;35648;40551;17,108787891900022;12,68698839543619;TACUAREMBO;SAN JOSE;35,0003442493698;65,68821966341896;35,62451986999557;70,87153001936734
1916;19;16;28;10;3;16;48134;108304;317293;317;11720592;1,3;26930981;2,9;11,721;26,931;;False;38;154;18500;40551;17,108787891900022;12,66758091618706;TREINTA Y TRES;SAN JOSE;35,69273278763452;66,06116652354845;35,62451986999557;70,87153001936734
117;1;17;1173;142;451;1097;1318755;82594;256694;257;465848031;50,3;22993631;2,5;465,848;22,994;;False;3124;85;456072;31637;16,95072782250245;12,45563999299822;MONTEVIDEO;SORIANO;37,481047654795624;70,39570159219609;35,76436545027484;70,56486944330861
217;2;17;24;2;8;17;73377;82594;447326;447;14214980;1,5;22993631;2,5;14,215;22,994;;False;55;85;30880;31637;16,95072782250245;13,011042914268657;ARTIGAS;SORIANO;33,966910612317214;63,54048882317126;35,76436545027484;70,56486944330861
317;3;17;154;21;35;115;520173;82594;254962;255;86306492;9,3;22993631;2,5;86,306;22,994;;False;563;85;197993;31637;16,95072782250245;12,448869793428194;CANELONES;SORIANO;35,40663971409512;71,04518002114733;35,76436545027484;70,56486944330861
417;4;17;34;3;6;32;84698;82594;468671;469;17048887;1,8;22993631;2,5;17,049;22,994;;False;88;85;33360;31637;16,95072782250245;13,057656308730087;CERRO LARGO;SORIANO;35,614748872464524;65,58203917553142;35,76436545027484;70,56486944330861
517;5;17;513;84;119;69;123203;82594;115037;115;43788749;4,7;22993631;2,5;43,789;22,994;144356,0;True;60;85;43030;31637;16,95072782250245;11,653009094728887;COLONIA;SORIANO;37,63241966510556;76,05841493228472;35,76436545027484;70,56486944330861
617;6;17;32;5;10;15;57084;82594;195629;196;13023942;1,4;22993631;2,5;13,024;22,994;;False;40;85;22663;31637;16,95072782250245;12,183975287351856;DURAZNO;SORIANO;35,09302081143578;67,28410796725862;35,76436545027484;70,56486944330861
717;7;17;85;9;19;26;25050;82594;126279;126;7284124;0,8;22993631;2,5;7,284;22,994;118331,0;True;28;85;9048;31637;16,95072782250245;11,746249023730215;FLORES;SORIANO;37,06007984031936;75,4187792824594;35,76436545027484;70,56486944330861
817;8;17;51;4;11;20;67047;82594;250560;251;17767290;1,9;22993631;2,5;17,767;22,994;;False;101;85;24814;31637;16,95072782250245;12,431453691784576;FLORIDA;SORIANO;36,72022611004221;71,73437762775389;35,76436545027484;70,56486944330861
917;9;17;11;2;3;10;58815;82594;346834;347;15594153;1,7;22993631;2,5;15,594;22,994;;False;54;85;20753;31637;16,95072782250245;12,75660155829868;LAVALLEJA;SORIANO;37,93515259712658;72,52336448598132;35,76436545027484;70,56486944330861
1017;10;17;110;12;33;102;164298;82594;365864;366;51311595;5,5;22993631;2,5;51,312;22,994;;False;188;85;62922;31637;16,95072782250245;12,810016958629348;MALDONADO;SORIANO;35,05074924831708;73,44975086524454;35,76436545027484;70,56486944330861
1117;11;17;98;19;32;82;113107;82594;145587;146;26828524;2,9;22993631;2,5;26,829;22,994;;False;144;85;46112;31637;16,95072782250245;11,888529125044231;PAYSANDU;SORIANO;34,56219332136826;67,06215335353652;35,76436545027484;70,56486944330861
1217;12;17;270;42;45;43;54765;82594;67704;68;24297744;2,6;22993631;2,5;24,298;22,994;177941,0;True;67;85;22474;31637;16,95072782250245;11,122900541349942;RIO NEGRO;SORIANO;34,17324933808089;67,71526102054028;35,76436545027484;70,56486944330861
1317;13;17;25;4;2;14;103473;82594;446792;447;20212707;2,2;22993631;2,5;20,213;22,994;;False;62;85;42934;31637;16,95072782250245;13,00984844091393;RIVERA;SORIANO;33,98187933083993;65,9688442829875;35,76436545027484;70,56486944330861
1417;14;17;18;2;4;15;68088;82594;464469;464;17547856;1,9;22993631;2,5;17,548;22,994;;False;54;85;24443;31637;16,95072782250245;13,048650096580504;ROCHA;SORIANO;36,931441663729295;67,36970952403371;35,76436545027484;70,56486944330861
1517;15;17;75;13;17;57;124861;82594;264551;265;25542275;2,8;22993631;2,5;25,542;22,994;;False;97;85;53810;31637;16,95072782250245;12,485789328328913;SALTO;SORIANO;33,297819174922516;66,35408370372274;35,76436545027484;70,56486944330861
1617;16;17;112;16;20;69;108304;82594;197820;198;26930981;2,9;22993631;2,5;26,931;22,994;;False;154;85;40551;31637;16,95072782250245;12,195112805293832;SAN JOSE;SORIANO;35,62451986999557;70,87153001936734;35,76436545027484;70,56486944330861
1817;18;17;72;15;18;44;90051;82594;317011;317;18093592;2,0;22993631;2,5;18,094;22,994;;False;61;85;35648;31637;16,95072782250245;12,666691752572833;TACUAREMBO;SORIANO;35,0003442493698;65,68821966341896;35,76436545027484;70,56486944330861
1917;19;17;25;5;3;18;48134;82594;408911;409;11720592;1,3;22993631;2,5;11,721;22,994;;False;38;85;18500;31637;16,95072782250245;12,921252807433792;TREINTA Y TRES;SORIANO;35,69273278763452;66,06116652354845;35,76436545027484;70,56486944330861
118;1;18;1421;168;403;1317;1318755;90051;359657;360;465848031;50,3;18093592;2,0;465,848;18,094;;False;3124;61;456072;35648;16,71106840040235;12,792906078473257;MONTEVIDEO;TACUAREMBO;37,481047654795624;70,39570159219609;35,0003442493698;65,68821966341896
218;2;18;100;13;24;93;73377;90051;254949;255;14214980;1,5;18093592;2,0;14,215;18,094;;False;55;61;30880;35648;16,71106840040235;12,448818804137897;ARTIGAS;TACUAREMBO;33,966910612317214;63,54048882317126;35,0003442493698;65,68821966341896
318;3;18;251;34;35;207;520173;90051;350845;351;86306492;9,3;18093592;2,0;86,306;18,094;;False;563;61;197993;35648;16,71106840040235;12,768099809474426;CANELONES;TACUAREMBO;35,40663971409512;71,04518002114733;35,0003442493698;65,68821966341896
418;4;18;135;20;32;72;84698;90051;249464;249;17048887;1,8;18093592;2,0;17,049;18,094;102685,0;True;88;61;33360;35648;16,71106840040235;12,427069895185959;CERRO LARGO;TACUAREMBO;35,614748872464524;65,58203917553142;35,0003442493698;65,68821966341896
518;5;18;34;4;6;34;123203;90051;348238;348;43788749;4,7;18093592;2,0;43,789;18,094;;False;60;61;43030;35648;16,71106840040235;12,760641433044054;COLONIA;TACUAREMBO;37,63241966510556;76,05841493228472;35,0003442493698;65,68821966341896
618;6;18;212;27;48;58;57084;90051;200110;200;13023942;1,4;18093592;2,0;13,024;18,094;219925,0;True;40;61;22663;35648;16,71106840040235;12,206622494335608;DURAZNO;TACUAREMBO;35,09302081143578;67,28410796725862;35,0003442493698;65,68821966341896
718;7;18;29;5;5;22;25050;90051;222974;223;7284124;0,8;18093592;2,0;7,284;18,094;;False;28;61;9048;35648;16,71106840040235;12,314810451716637;FLORES;TACUAREMBO;37,06007984031936;75,4187792824594;35,0003442493698;65,68821966341896
818;8;18;68;11;16;52;67047;90051;282751;283;17767290;1,9;18093592;2,0;17,767;18,094;;False;101;61;24814;35648;16,71106840040235;12,552321930665304;FLORIDA;TACUAREMBO;36,72022611004221;71,73437762775389;35,0003442493698;65,68821966341896
918;9;18;45;6;13;38;58815;90051;354035;354;15594153;1,7;18093592;2,0;15,594;18,094;;False;54;61;20753;35648;16,71106840040235;12,777151057285087;LAVALLEJA;TACUAREMBO;37,93515259712658;72,52336448598132;35,0003442493698;65,68821966341896
1018;10;18;71;12;21;62;164298;90051;419858;420;51311595;5,5;18093592;2,0;51,312;18,094;;False;188;61;62922;35648;16,71106840040235;12,947671837854376;MALDONADO;TACUAREMBO;35,05074924831708;73,44975086524454;35,0003442493698;65,68821966341896
1118;11;18;229;34;51;141;113107;90051;240569;241;26828524;2,9;18093592;2,0;26,829;18,094;98654,0;True;144;61;46112;35648;16,71106840040235;12,390762229666265;PAYSANDU;TACUAREMBO;34,56219332136826;67,06215335353652;35,0003442493698;65,68821966341896
1218;12;18;89;6;20;49;54765;90051;282223;282;24297744;2,6;18093592;2,0;24,298;18,094;39858,0;True;67;61;22474;35648;16,71106840040235;12,550452817560215;RIO NEGRO;TACUAREMBO;34,17324933808089;67,71526102054028;35,0003442493698;65,68821966341896
1318;13;18;546;88;110;275;103473;90051;145310;145;20212707;2,2;18093592;2,0;20,213;18,094;214679,0;True;62;61;42934;35648;16,71106840040235;11,886624670314742;RIVERA;TACUAREMBO;33,98187933083993;65,9688442829875;35,0003442493698;65,68821966341896
1418;14;18;21;2;4;18;68088;90051;410429;410;17547856;1,9;18093592;2,0;17,548;18,094;;False;54;61;24443;35648;16,71106840040235;12,924958233110232;ROCHA;TACUAREMBO;36,931441663729295;67,36970952403371;35,0003442493698;65,68821966341896
1518;15;18;166;25;42;88;124861;90051;235321;235;25542275;2,8;18093592;2,0;25,542;18,094;68683,0;True;97;61;53810;35648;16,71106840040235;12,368705818501914;SALTO;TACUAREMBO;33,297819174922516;66,35408370372274;35,0003442493698;65,68821966341896
1618;16;18;53;5;9;43;108304;90051;323511;324;26930981;2,9;18093592;2,0;26,931;18,094;;False;154;61;40551;35648;16,71106840040235;12,68698839543619;SAN JOSE;TACUAREMBO;35,62451986999557;70,87153001936734;35,0003442493698;65,68821966341896
1718;17;18;41;6;11;37;82594;90051;317011;317;22993631;2,5;18093592;2,0;22,994;18,094;;False;85;61;31637;35648;16,71106840040235;12,666691752572833;SORIANO;TACUAREMBO;35,76436545027484;70,56486944330861;35,0003442493698;65,68821966341896
1918;19;18;38;12;7;26;48134;90051;300363;300;11720592;1,3;18093592;2,0;11,721;18,094;;False;38;61;18500;35648;16,71106840040235;12,612747022178324;TREINTA Y TRES;TACUAREMBO;35,69273278763452;66,06116652354845;35,0003442493698;65,68821966341896
119;1;19;760;81;232;727;1318755;48134;288254;288;465848031;50,3;11720592;1,3;465,848;11,721;;False;3124;38;456072;18500;16,276857852782847;12,57159731487804;MONTEVIDEO;TREINTA Y TRES;37,481047654795624;70,39570159219609;35,69273278763452;66,06116652354845
219;2;19;5;2;2;5;73377;48134;481308;481;14214980;1,5;11720592;1,3;14,215;11,721;;False;55;38;30880;18500;16,276857852782847;13,084262676802762;ARTIGAS;TREINTA Y TRES;33,966910612317214;63,54048882317126;35,69273278763452;66,06116652354845
319;3;19;124;16;21;100;520173;48134;265710;266;86306492;9,3;11720592;1,3;86,306;11,721;;False;563;38;197993;18500;16,276857852782847;12,490160767471739;CANELONES;TREINTA Y TRES;35,40663971409512;71,04518002114733;35,69273278763452;66,06116652354845
419;4;19;476;83;99;170;84698;48134;109230;109;17048887;1,8;11720592;1,3;17,049;11,721;216049,0;True;88;38;33360;18500;16,276857852782847;11,60121102983759;CERRO LARGO;TREINTA Y TRES;35,614748872464524;65,58203917553142;35,69273278763452;66,06116652354845
519;5;19;23;2;5;23;123203;48134;412983;413;43788749;4,7;11720592;1,3;43,789;11,721;;False;60;38;43030;18500;16,276857852782847;12,931161708868379;COLONIA;TREINTA Y TRES;37,63241966510556;76,05841493228472;35,69273278763452;66,06116652354845
619;6;19;77;13;22;33;57084;48134;217352;217;13023942;1,4;11720592;1,3;13,024;11,721;17594,0;True;40;38;22663;18500;16,276857852782847;12,289273438122935;DURAZNO;TREINTA Y TRES;35,09302081143578;67,28410796725862;35,69273278763452;66,06116652354845
719;7;19;14;2;4;14;25050;48134;287718;288;7284124;0,8;11720592;1,3;7,284;11,721;;False;28;38;9048;18500;16,276857852782847;12,569736112754574;FLORES;TREINTA Y TRES;37,06007984031936;75,4187792824594;35,69273278763452;66,06116652354845
819;8;19;64;9;7;43;67047;48134;238184;238;17767290;1,9;11720592;1,3;17,767;11,721;44278,0;True;101;38;24814;18500;16,276857852782847;12,380798763202296;FLORIDA;TREINTA Y TRES;36,72022611004221;71,73437762775389;35,69273278763452;66,06116652354845
919;9;19;221;43;43;51;58815;48134;163121;163;15594153;1,7;11720592;1,3;15,594;11,721;128202,0;True;54;38;20753;18500;16,276857852782847;12,002247535685651;LAVALLEJA;TREINTA Y TRES;37,93515259712658;72,52336448598132;35,69273278763452;66,06116652354845
1019;10;19;259;39;75;234;164298;48134;216981;217;51311595;5,5;11720592;1,3;51,312;11,721;;False;188;38;62922;18500;16,276857852782847;12,287565071085519;MALDONADO;TREINTA Y TRES;35,05074924831708;73,44975086524454;35,69273278763452;66,06116652354845
1119;11;19;25;6;8;25;113107;48134;454655;455;26828524;2,9;11720592;1,3;26,829;11,721;;False;144;38;46112;18500;16,276857852782847;13,027294168564168;PAYSANDU;TREINTA Y TRES;34,56219332136826;67,06215335353652;35,69273278763452;66,06116652354845
1219;12;19;9;2;2;7;54765;48134;443288;443;24297744;2,6;11720592;1,3;24,298;11,721;;False;67;38;22474;18500;16,276857852782847;13,001974950662264;RIO NEGRO;TREINTA Y TRES;34,17324933808089;67,71526102054028;35,69273278763452;66,06116652354845
1319;13;19;57;8;9;52;103473;48134;324423;324;20212707;2,2;11720592;1,3;20,213;11,721;;False;62;38;42934;18500;16,276857852782847;12,689803498833404;RIVERA;TREINTA Y TRES;33,98187933083993;65,9688442829875;35,69273278763452;66,06116652354845
1419;14;19;162;22;38;109;68088;48134;149507;150;17547856;1,9;11720592;1,3;17,548;11,721;71205,0;True;54;38;24443;18500;16,276857852782847;11,915098493459203;ROCHA;TREINTA Y TRES;36,931441663729295;67,36970952403371;35,69273278763452;66,06116652354845
1519;15;19;8;0;4;8;124861;48134;486999;487;25542275;2,8;11720592;1,3;25,542;11,721;;False;97;38;53810;18500;16,276857852782847;13,096017348674529;SALTO;TREINTA Y TRES;33,297819174922516;66,35408370372274;35,69273278763452;66,06116652354845
1619;16;19;23;3;11;18;108304;48134;317293;317;26930981;2,9;11720592;1,3;26,931;11,721;;False;154;38;40551;18500;16,276857852782847;12,66758091618706;SAN JOSE;TREINTA Y TRES;35,62451986999557;70,87153001936734;35,69273278763452;66,06116652354845
1719;17;19;16;3;4;11;82594;48134;408958;409;22993631;2,5;11720592;1,3;22,994;11,721;;False;85;38;31637;18500;16,276857852782847;12,92136774026546;SORIANO;TREINTA Y TRES;35,76436545027484;70,56486944330861;35,69273278763452;66,06116652354845
1819;18;19;32;8;4;22;90051;48134;300363;300;18093592;2,0;11720592;1,3;18,094;11,721;;False;61;38;35648;18500;16,276857852782847;12,612747022178324;TACUAREMBO;TREINTA Y TRES;35,0003442493698;65,68821966341896;35,69273278763452;66,06116652354845
201;2;1;2395;1252;342;2331;73377;1318755;610724;611;14214980;1,5;465848031;50,3;14,215;465,848;;False;55;3124;30880;456072;19,959370025169367;13,322400417603927;ARTIGAS;MONTEVIDEO;33,966910612317214;63,54048882317126;37,481047654795624;70,39570159219609
301;3;1;11162;2750;2856;0;520173;1318755;22524;23;86306492;9,3;465848031;50,3;86,306;465,848;60107,0;True;563;3124;197993;456072;19,959370025169367;10,022336686374508;CANELONES;MONTEVIDEO;35,40663971409512;71,04518002114733;37,481047654795624;70,39570159219609
401;4;1;1805;1138;196;1761;84698;1318755;393680;394;17048887;1,8;465848031;50,3;17,049;465,848;;False;88;3124;33360;456072;19,959370025169367;12,88329367553986;CERRO LARGO;MONTEVIDEO;35,614748872464524;65,58203917553142;37,481047654795624;70,39570159219609
501;5;1;2690;1835;291;2622;123203;1318755;172800;173;43788749;4,7;465848031;50,3;43,789;465,848;;False;60;3124;43030;456072;19,959370025169367;12,059890135352092;COLONIA;MONTEVIDEO;37,63241966510556;76,05841493228472;37,481047654795624;70,39570159219609
601;6;1;1610;976;186;1542;57084;1318755;198867;199;13023942;1,4;465848031;50,3;13,024;465,848;;False;40;3124;22663;456072;19,959370025169367;12,200391538558206;DURAZNO;MONTEVIDEO;35,09302081143578;67,28410796725862;37,481047654795624;70,39570159219609
701;7;1;735;493;64;708;25050;1318755;182359;182;7284124;0,8;465848031;50,3;7,284;465,848;;False;28;3124;9048;456072;19,959370025169367;12,113732550653646;FLORES;MONTEVIDEO;37,06007984031936;75,4187792824594;37,481047654795624;70,39570159219609
801;8;1;1420;894;196;346;67047;1318755;102028;102;17767290;1,9;465848031;50,3;17,767;465,848;;False;101;3124;24814;456072;19,959370025169367;11,533002564399407;FLORIDA;MONTEVIDEO;36,72022611004221;71,73437762775389;37,481047654795624;70,39570159219609
901;9;1;1264;836;132;1171;58815;1318755;134438;134;15594153;1,7;465848031;50,3;15,594;465,848;;False;54;3124;20753;456072;19,959370025169367;11,80885840520354;LAVALLEJA;MONTEVIDEO;37,93515259712658;72,52336448598132;37,481047654795624;70,39570159219609
1001;10;1;2333;1247;344;1918;164298;1318755;124244;124;51311595;5,5;465848031;50,3;51,312;465,848;;False;188;3124;62922;456072;19,959370025169367;11,730002653054457;MALDONADO;MONTEVIDEO;35,05074924831708;73,44975086524454;37,481047654795624;70,39570159219609
1101;11;1;2096;1276;280;2057;113107;1318755;368039;368;26828524;2,9;465848031;50,3;26,829;465,848;;False;144;3124;46112;456072;19,959370025169367;12,815944189796639;PAYSANDU;MONTEVIDEO;34,56219332136826;67,06215335353652;37,481047654795624;70,39570159219609
1201;12;1;1219;747;151;1199;54765;1318755;314803;315;24297744;2,6;465848031;50,3;24,298;465,848;;False;67;3124;22474;456072;19,959370025169367;12,659702325340206;RIO NEGRO;MONTEVIDEO;34,17324933808089;67,71526102054028;37,481047654795624;70,39570159219609
1301;13;1;2390;1323;323;2296;103473;1318755;496028;496;20212707;2,2;465848031;50,3;20,213;465,848;;False;62;3124;42934;456072;19,959370025169367;13,114387655726635;RIVERA;MONTEVIDEO;33,98187933083993;65,9688442829875;37,481047654795624;70,39570159219609
1401;14;1;1435;866;139;1384;68088;1318755;252072;252;17547856;1,9;465848031;50,3;17,548;465,848;;False;54;3124;24443;456072;19,959370025169367;12,437470039970721;ROCHA;MONTEVIDEO;36,931441663729295;67,36970952403371;37,481047654795624;70,39570159219609
1501;15;1;2481;1294;439;2401;124861;1318755;487002;487;25542275;2,8;465848031;50,3;25,542;465,848;;False;97;3124;53810;456072;19,959370025169367;13,096023508832475;SALTO;MONTEVIDEO;33,297819174922516;66,35408370372274;37,481047654795624;70,39570159219609
1601;16;1;1852;839;333;9;108304;1318755;67066;67;26930981;2,9;465848031;50,3;26,931;465,848;5400,0;True;154;3124;40551;456072;19,959370025169367;11,113432488132354;SAN JOSE;MONTEVIDEO;35,62451986999557;70,87153001936734;37,481047654795624;70,39570159219609
1701;17;1;1922;1265;201;1881;82594;1318755;256721;257;22993631;2,5;465848031;50,3;22,994;465,848;;False;85;3124;31637;456072;19,959370025169367;12,455745171070635;SORIANO;MONTEVIDEO;35,76436545027484;70,56486944330861;37,481047654795624;70,39570159219609
1801;18;1;2611;1569;311;2496;90051;1318755;359654;360;18093592;2,0;465848031;50,3;18,094;465,848;;False;61;3124;35648;456072;19,959370025169367;12,792897737157746;TACUAREMBO;MONTEVIDEO;35,0003442493698;65,68821966341896;37,481047654795624;70,39570159219609
1901;19;1;1024;670;103;992;48134;1318755;288232;288;11720592;1,3;465848031;50,3;11,721;465,848;;False;38;3124;18500;456072;19,959370025169367;12,571520990387905;TREINTA Y TRES;MONTEVIDEO;35,69273278763452;66,06116652354845;37,481047654795624;70,39570159219609
