cod_ori,latlon_ori,cod_des,latlon_des,cod,distancia
1,"-34.86347311448007,-56.17403019571399",2,"-30.407062416732217,-56.81554727891256",102,610726
1,"-34.86347311448007,-56.17403019571399",3,"-34.70480623405611,-56.04615274218908",103,22544
1,"-34.86347311448007,-56.17403019571399",4,"-32.412530637702794,-54.04713015664623",104,393703
1,"-34.86347311448007,-56.17403019571399",5,"-34.23198949912197,-57.74210900659811",105,172773
1,"-34.86347311448007,-56.17403019571399",6,"-33.29103587835989,-56.27098299307005",106,198970
1,"-34.86347311448007,-56.17403019571399",7,"-33.53920654666071,-56.90577692183583",107,182361
1,"-34.86347311448007,-56.17403019571399",8,"-34.032026238093366,-56.13160980422134",108,102030
1,"-34.86347311448007,-56.17403019571399",9,"-34.21457704605623,-55.15399089880148",109,134424
1,"-34.86347311448007,-56.17403019571399",10,"-34.85347673674695,-54.98336526692671",110,124272
1,"-34.86347311448007,-56.17403019571399",11,"-32.283872150647106,-57.959994965057604",111,367994
1,"-34.86347311448007,-56.17403019571399",12,"-32.92202758658411,-57.975510334124905",112,314776
1,"-34.86347311448007,-56.17403019571399",13,"-31.02322481060381,-55.50845498927073",113,496031
1,"-34.86347311448007,-56.17403019571399",14,"-34.151878164969204,-54.031687712278405",114,252064
1,"-34.86347311448007,-56.17403019571399",15,"-31.35982522025497,-57.8823388590987",115,486960
1,"-34.86347311448007,-56.17403019571399",16,"-34.51474804942168,-56.61756156142106",116,67040
1,"-34.86347311448007,-56.17403019571399",17,"-33.41667869361325,-57.98829706231997",117,256694
1,"-34.86347311448007,-56.17403019571399",18,"-31.967640007891212,-55.9947894362848",118,359657
1,"-34.86347311448007,-56.17403019571399",19,"-33.168234436521246,-54.359141645492166",119,288254
2,"-30.407062416732217,-56.81554727891256",1,"-34.86347311448007,-56.17403019571399",201,610724
2,"-30.407062416732217,-56.81554727891256",3,"-34.70480623405611,-56.04615274218908",203,601915
2,"-30.407062416732217,-56.81554727891256",4,"-32.412530637702794,-54.04713015664623",204,406688
2,"-30.407062416732217,-56.81554727891256",5,"-34.23198949912197,-57.74210900659811",205,556293
2,"-30.407062416732217,-56.81554727891256",6,"-33.29103587835989,-56.27098299307005",206,446123
2,"-30.407062416732217,-56.81554727891256",7,"-33.53920654666071,-56.90577692183583",207,450737
2,"-30.407062416732217,-56.81554727891256",8,"-34.032026238093366,-56.13160980422134",208,533821
2,"-30.407062416732217,-56.81554727891256",9,"-34.21457704605623,-55.15399089880148",209,593134
2,"-30.407062416732217,-56.81554727891256",10,"-34.85347673674695,-54.98336526692671",210,658957
2,"-30.407062416732217,-56.81554727891256",11,"-32.283872150647106,-57.959994965057604",211,304617
2,"-30.407062416732217,-56.81554727891256",12,"-32.92202758658411,-57.975510334124905",212,380391
2,"-30.407062416732217,-56.81554727891256",13,"-31.02322481060381,-55.50845498927073",213,165817
2,"-30.407062416732217,-56.81554727891256",14,"-34.151878164969204,-54.031687712278405",214,623189
2,"-30.407062416732217,-56.81554727891256",15,"-31.35982522025497,-57.8823388590987",215,184479
2,"-30.407062416732217,-56.81554727891256",16,"-34.51474804942168,-56.61756156142106",216,570254
2,"-30.407062416732217,-56.81554727891256",17,"-33.41667869361325,-57.98829706231997",217,447326
2,"-30.407062416732217,-56.81554727891256",18,"-31.967640007891212,-55.9947894362848",218,254949
2,"-30.407062416732217,-56.81554727891256",19,"-33.168234436521246,-54.359141645492166",219,481308
3,"-34.70480623405611,-56.04615274218908",1,"-34.86347311448007,-56.17403019571399",301,22524
3,"-34.70480623405611,-56.04615274218908",2,"-30.407062416732217,-56.81554727891256",302,601915
3,"-34.70480623405611,-56.04615274218908",4,"-32.412530637702794,-54.04713015664623",304,371159
3,"-34.70480623405611,-56.04615274218908",5,"-34.23198949912197,-57.74210900659811",305,189989
3,"-34.70480623405611,-56.04615274218908",6,"-33.29103587835989,-56.27098299307005",306,190159
3,"-34.70480623405611,-56.04615274218908",7,"-33.53920654666071,-56.90577692183583",307,174329
3,"-34.70480623405611,-56.04615274218908",8,"-34.032026238093366,-56.13160980422134",308,88131
3,"-34.70480623405611,-56.04615274218908",9,"-34.21457704605623,-55.15399089880148",309,114784
3,"-34.70480623405611,-56.04615274218908",10,"-34.85347673674695,-54.98336526692671",310,113438
3,"-34.70480623405611,-56.04615274218908",11,"-32.283872150647106,-57.959994965057604",311,359961
3,"-34.70480623405611,-56.04615274218908",12,"-32.92202758658411,-57.975510334124905",312,313044
3,"-34.70480623405611,-56.04615274218908",13,"-31.02322481060381,-55.50845498927073",313,487220
3,"-34.70480623405611,-56.04615274218908",14,"-34.151878164969204,-54.031687712278405",314,232423
3,"-34.70480623405611,-56.04615274218908",15,"-31.35982522025497,-57.8823388590987",315,478928
3,"-34.70480623405611,-56.04615274218908",16,"-34.51474804942168,-56.61756156142106",316,82580
3,"-34.70480623405611,-56.04615274218908",17,"-33.41667869361325,-57.98829706231997",317,254962
3,"-34.70480623405611,-56.04615274218908",18,"-31.967640007891212,-55.9947894362848",318,350845
3,"-34.70480623405611,-56.04615274218908",19,"-33.168234436521246,-54.359141645492166",319,265710
4,"-32.412530637702794,-54.04713015664623",1,"-34.86347311448007,-56.17403019571399",401,393680
4,"-32.412530637702794,-54.04713015664623",2,"-30.407062416732217,-56.81554727891256",402,406694
4,"-32.412530637702794,-54.04713015664623",3,"-34.70480623405611,-56.04615274218908",403,371156
4,"-32.412530637702794,-54.04713015664623",5,"-34.23198949912197,-57.74210900659811",405,472743
4,"-32.412530637702794,-54.04713015664623",6,"-33.29103587835989,-56.27098299307005",406,277112
4,"-32.412530637702794,-54.04713015664623",7,"-33.53920654666071,-56.90577692183583",407,347479
4,"-32.412530637702794,-54.04713015664623",8,"-34.032026238093366,-56.13160980422134",408,335796
4,"-32.412530637702794,-54.04713015664623",9,"-34.21457704605623,-55.15399089880148",409,268550
4,"-32.412530637702794,-54.04713015664623",10,"-34.85347673674695,-54.98336526692671",410,322406
4,"-32.412530637702794,-54.04713015664623",11,"-32.283872150647106,-57.959994965057604",411,444743
4,"-32.412530637702794,-54.04713015664623",12,"-32.92202758658411,-57.975510334124905",412,486397
4,"-32.412530637702794,-54.04713015664623",13,"-31.02322481060381,-55.50845498927073",413,240871
4,"-32.412530637702794,-54.04713015664623",14,"-34.151878164969204,-54.031687712278405",414,254936
4,"-32.412530637702794,-54.04713015664623",15,"-31.35982522025497,-57.8823388590987",415,427098
4,"-32.412530637702794,-54.04713015664623",16,"-34.51474804942168,-56.61756156142106",416,417388
4,"-32.412530637702794,-54.04713015664623",17,"-33.41667869361325,-57.98829706231997",417,468671
4,"-32.412530637702794,-54.04713015664623",18,"-31.967640007891212,-55.9947894362848",418,249464
4,"-32.412530637702794,-54.04713015664623",19,"-33.168234436521246,-54.359141645492166",419,109230
5,"-34.23198949912197,-57.74210900659811",1,"-34.86347311448007,-56.17403019571399",501,172800
5,"-34.23198949912197,-57.74210900659811",2,"-30.407062416732217,-56.81554727891256",502,556292
5,"-34.23198949912197,-57.74210900659811",3,"-34.70480623405611,-56.04615274218908",503,189992
5,"-34.23198949912197,-57.74210900659811",4,"-32.412530637702794,-54.04713015664623",504,472743
5,"-34.23198949912197,-57.74210900659811",6,"-33.29103587835989,-56.27098299307005",506,199701
5,"-34.23198949912197,-57.74210900659811",7,"-33.53920654666071,-56.90577692183583",507,125265
5,"-34.23198949912197,-57.74210900659811",8,"-34.032026238093366,-56.13160980422134",508,194958
5,"-34.23198949912197,-57.74210900659811",9,"-34.21457704605623,-55.15399089880148",509,280944
5,"-34.23198949912197,-57.74210900659811",10,"-34.85347673674695,-54.98336526692671",510,296954
5,"-34.23198949912197,-57.74210900659811",11,"-32.283872150647106,-57.959994965057604",511,251002
5,"-34.23198949912197,-57.74210900659811",12,"-32.92202758658411,-57.975510334124905",512,173119
5,"-34.23198949912197,-57.74210900659811",13,"-31.02322481060381,-55.50845498927073",513,484613
5,"-34.23198949912197,-57.74210900659811",14,"-34.151878164969204,-54.031687712278405",514,398583
5,"-34.23198949912197,-57.74210900659811",15,"-31.35982522025497,-57.8823388590987",515,369969
5,"-34.23198949912197,-57.74210900659811",16,"-34.51474804942168,-56.61756156142106",516,123288
5,"-34.23198949912197,-57.74210900659811",17,"-33.41667869361325,-57.98829706231997",517,115037
5,"-34.23198949912197,-57.74210900659811",18,"-31.967640007891212,-55.9947894362848",518,348238
5,"-34.23198949912197,-57.74210900659811",19,"-33.168234436521246,-54.359141645492166",519,412983
6,"-33.29103587835989,-56.27098299307005",1,"-34.86347311448007,-56.17403019571399",601,198867
6,"-33.29103587835989,-56.27098299307005",2,"-30.407062416732217,-56.81554727891256",602,446123
6,"-33.29103587835989,-56.27098299307005",3,"-34.70480623405611,-56.04615274218908",603,190058
6,"-33.29103587835989,-56.27098299307005",4,"-32.412530637702794,-54.04713015664623",604,277112
6,"-33.29103587835989,-56.27098299307005",5,"-34.23198949912197,-57.74210900659811",605,199701
6,"-33.29103587835989,-56.27098299307005",7,"-33.53920654666071,-56.90577692183583",607,74436
6,"-33.29103587835989,-56.27098299307005",8,"-34.032026238093366,-56.13160980422134",608,121653
6,"-33.29103587835989,-56.27098299307005",9,"-34.21457704605623,-55.15399089880148",609,202724
6,"-33.29103587835989,-56.27098299307005",10,"-34.85347673674695,-54.98336526692671",610,260638
6,"-33.29103587835989,-56.27098299307005",11,"-32.283872150647106,-57.959994965057604",611,256308
6,"-33.29103587835989,-56.27098299307005",12,"-32.92202758658411,-57.975510334124905",612,235433
6,"-33.29103587835989,-56.27098299307005",13,"-31.02322481060381,-55.50845498927073",613,336484
6,"-33.29103587835989,-56.27098299307005",14,"-34.151878164969204,-54.031687712278405",614,299700
6,"-33.29103587835989,-56.27098299307005",15,"-31.35982522025497,-57.8823388590987",615,347928
6,"-33.29103587835989,-56.27098299307005",16,"-34.51474804942168,-56.61756156142106",616,174995
6,"-33.29103587835989,-56.27098299307005",17,"-33.41667869361325,-57.98829706231997",617,195629
6,"-33.29103587835989,-56.27098299307005",18,"-31.967640007891212,-55.9947894362848",618,200110
6,"-33.29103587835989,-56.27098299307005",19,"-33.168234436521246,-54.359141645492166",619,217352
7,"-33.53920654666071,-56.90577692183583",1,"-34.86347311448007,-56.17403019571399",701,182359
7,"-33.53920654666071,-56.90577692183583",2,"-30.407062416732217,-56.81554727891256",702,450690
7,"-33.53920654666071,-56.90577692183583",3,"-34.70480623405611,-56.04615274218908",703,174329
7,"-33.53920654666071,-56.90577692183583",4,"-32.412530637702794,-54.04713015664623",704,347479
7,"-33.53920654666071,-56.90577692183583",5,"-34.23198949912197,-57.74210900659811",705,125265
7,"-33.53920654666071,-56.90577692183583",6,"-33.29103587835989,-56.27098299307005",706,74436
7,"-33.53920654666071,-56.90577692183583",8,"-34.032026238093366,-56.13160980422134",708,125607
7,"-33.53920654666071,-56.90577692183583",9,"-34.21457704605623,-55.15399089880148",709,236470
7,"-33.53920654666071,-56.90577692183583",10,"-34.85347673674695,-54.98336526692671",710,272160
7,"-33.53920654666071,-56.90577692183583",11,"-32.283872150647106,-57.959994965057604",711,186959
7,"-33.53920654666071,-56.90577692183583",12,"-32.92202758658411,-57.975510334124905",712,166083
7,"-33.53920654666071,-56.90577692183583",13,"-31.02322481060381,-55.50845498927073",713,359348
7,"-33.53920654666071,-56.90577692183583",14,"-34.151878164969204,-54.031687712278405",714,350525
7,"-33.53920654666071,-56.90577692183583",15,"-31.35982522025497,-57.8823388590987",715,305926
7,"-33.53920654666071,-56.90577692183583",16,"-34.51474804942168,-56.61756156142106",716,120843
7,"-33.53920654666071,-56.90577692183583",17,"-33.41667869361325,-57.98829706231997",717,126279
7,"-33.53920654666071,-56.90577692183583",18,"-31.967640007891212,-55.9947894362848",718,222974
7,"-33.53920654666071,-56.90577692183583",19,"-33.168234436521246,-54.359141645492166",719,287718
8,"-34.032026238093366,-56.13160980422134",1,"-34.86347311448007,-56.17403019571399",801,102028
8,"-34.032026238093366,-56.13160980422134",2,"-30.407062416732217,-56.81554727891256",802,533821
8,"-34.032026238093366,-56.13160980422134",3,"-34.70480623405611,-56.04615274218908",803,88131
8,"-34.032026238093366,-56.13160980422134",4,"-32.412530637702794,-54.04713015664623",804,335796
8,"-34.032026238093366,-56.13160980422134",5,"-34.23198949912197,-57.74210900659811",805,194958
8,"-34.032026238093366,-56.13160980422134",6,"-33.29103587835989,-56.27098299307005",806,121653
8,"-34.032026238093366,-56.13160980422134",7,"-33.53920654666071,-56.90577692183583",807,125607
8,"-34.032026238093366,-56.13160980422134",9,"-34.21457704605623,-55.15399089880148",809,130899
8,"-34.032026238093366,-56.13160980422134",10,"-34.85347673674695,-54.98336526692671",810,166590
8,"-34.032026238093366,-56.13160980422134",11,"-32.283872150647106,-57.959994965057604",811,311240
8,"-34.032026238093366,-56.13160980422134",12,"-32.92202758658411,-57.975510334124905",812,290364
8,"-34.032026238093366,-56.13160980422134",13,"-31.02322481060381,-55.50845498927073",813,419126
8,"-34.032026238093366,-56.13160980422134",14,"-34.151878164969204,-54.031687712278405",814,253261
8,"-34.032026238093366,-56.13160980422134",15,"-31.35982522025497,-57.8823388590987",815,427824
8,"-34.032026238093366,-56.13160980422134",16,"-34.51474804942168,-56.61756156142106",816,96337
8,"-34.032026238093366,-56.13160980422134",17,"-33.41667869361325,-57.98829706231997",817,250560
8,"-34.032026238093366,-56.13160980422134",18,"-31.967640007891212,-55.9947894362848",818,282751
8,"-34.032026238093366,-56.13160980422134",19,"-33.168234436521246,-54.359141645492166",819,238184
9,"-34.21457704605623,-55.15399089880148",1,"-34.86347311448007,-56.17403019571399",901,134438
9,"-34.21457704605623,-55.15399089880148",2,"-30.407062416732217,-56.81554727891256",902,593134
9,"-34.21457704605623,-55.15399089880148",3,"-34.70480623405611,-56.04615274218908",903,114784
9,"-34.21457704605623,-55.15399089880148",4,"-32.412530637702794,-54.04713015664623",904,268569
9,"-34.21457704605623,-55.15399089880148",5,"-34.23198949912197,-57.74210900659811",905,280946
9,"-34.21457704605623,-55.15399089880148",6,"-33.29103587835989,-56.27098299307005",906,202724
9,"-34.21457704605623,-55.15399089880148",7,"-33.53920654666071,-56.90577692183583",907,236470
9,"-34.21457704605623,-55.15399089880148",8,"-34.032026238093366,-56.13160980422134",908,130899
9,"-34.21457704605623,-55.15399089880148",10,"-34.85347673674695,-54.98336526692671",910,86435
9,"-34.21457704605623,-55.15399089880148",11,"-32.283872150647106,-57.959994965057604",911,422102
9,"-34.21457704605623,-55.15399089880148",12,"-32.92202758658411,-57.975510334124905",912,401227
9,"-34.21457704605623,-55.15399089880148",13,"-31.02322481060381,-55.50845498927073",913,464972
9,"-34.21457704605623,-55.15399089880148",14,"-34.151878164969204,-54.031687712278405",914,153094
9,"-34.21457704605623,-55.15399089880148",15,"-31.35982522025497,-57.8823388590987",915,542686
9,"-34.21457704605623,-55.15399089880148",16,"-34.51474804942168,-56.61756156142106",916,174452
9,"-34.21457704605623,-55.15399089880148",17,"-33.41667869361325,-57.98829706231997",917,346834
9,"-34.21457704605623,-55.15399089880148",18,"-31.967640007891212,-55.9947894362848",918,354035
9,"-34.21457704605623,-55.15399089880148",19,"-33.168234436521246,-54.359141645492166",919,163121
10,"-34.85347673674695,-54.98336526692671",1,"-34.86347311448007,-56.17403019571399",1001,124244
10,"-34.85347673674695,-54.98336526692671",2,"-30.407062416732217,-56.81554727891256",1002,658957
10,"-34.85347673674695,-54.98336526692671",3,"-34.70480623405611,-56.04615274218908",1003,113400
10,"-34.85347673674695,-54.98336526692671",4,"-32.412530637702794,-54.04713015664623",1004,322429
10,"-34.85347673674695,-54.98336526692671",5,"-34.23198949912197,-57.74210900659811",1005,296919
10,"-34.85347673674695,-54.98336526692671",6,"-33.29103587835989,-56.27098299307005",1006,260814
10,"-34.85347673674695,-54.98336526692671",7,"-33.53920654666071,-56.90577692183583",1007,272152
10,"-34.85347673674695,-54.98336526692671",8,"-34.032026238093366,-56.13160980422134",1008,166582
10,"-34.85347673674695,-54.98336526692671",9,"-34.21457704605623,-55.15399089880148",1009,85327
10,"-34.85347673674695,-54.98336526692671",11,"-32.283872150647106,-57.959994965057604",1011,457785
10,"-34.85347673674695,-54.98336526692671",12,"-32.92202758658411,-57.975510334124905",1012,423946
10,"-34.85347673674695,-54.98336526692671",13,"-31.02322481060381,-55.50845498927073",1013,533797
10,"-34.85347673674695,-54.98336526692671",14,"-34.151878164969204,-54.031687712278405",1014,141478
10,"-34.85347673674695,-54.98336526692671",15,"-31.35982522025497,-57.8823388590987",1015,574370
10,"-34.85347673674695,-54.98336526692671",16,"-34.51474804942168,-56.61756156142106",1016,191187
10,"-34.85347673674695,-54.98336526692671",17,"-33.41667869361325,-57.98829706231997",1017,365864
10,"-34.85347673674695,-54.98336526692671",18,"-31.967640007891212,-55.9947894362848",1018,419858
10,"-34.85347673674695,-54.98336526692671",19,"-33.168234436521246,-54.359141645492166",1019,216981
11,"-32.283872150647106,-57.959994965057604",1,"-34.86347311448007,-56.17403019571399",1101,368039
11,"-32.283872150647106,-57.959994965057604",2,"-30.407062416732217,-56.81554727891256",1102,304617
11,"-32.283872150647106,-57.959994965057604",3,"-34.70480623405611,-56.04615274218908",1103,360009
11,"-32.283872150647106,-57.959994965057604",4,"-32.412530637702794,-54.04713015664623",1104,444743
11,"-32.283872150647106,-57.959994965057604",5,"-34.23198949912197,-57.74210900659811",1105,251003
11,"-32.283872150647106,-57.959994965057604",6,"-33.29103587835989,-56.27098299307005",1106,256355
11,"-32.283872150647106,-57.959994965057604",7,"-33.53920654666071,-56.90577692183583",1107,187006
11,"-32.283872150647106,-57.959994965057604",8,"-34.032026238093366,-56.13160980422134",1108,311287
11,"-32.283872150647106,-57.959994965057604",9,"-34.21457704605623,-55.15399089880148",1109,422149
11,"-32.283872150647106,-57.959994965057604",10,"-34.85347673674695,-54.98336526692671",1110,457840
11,"-32.283872150647106,-57.959994965057604",12,"-32.92202758658411,-57.975510334124905",1112,78652
11,"-32.283872150647106,-57.959994965057604",13,"-31.02322481060381,-55.50845498927073",1113,340541
11,"-32.283872150647106,-57.959994965057604",14,"-34.151878164969204,-54.031687712278405",1114,536205
11,"-32.283872150647106,-57.959994965057604",15,"-31.35982522025497,-57.8823388590987",1115,121845
11,"-32.283872150647106,-57.959994965057604",16,"-34.51474804942168,-56.61756156142106",1116,306523
11,"-32.283872150647106,-57.959994965057604",17,"-33.41667869361325,-57.98829706231997",1117,145587
11,"-32.283872150647106,-57.959994965057604",18,"-31.967640007891212,-55.9947894362848",1118,240569
11,"-32.283872150647106,-57.959994965057604",19,"-33.168234436521246,-54.359141645492166",1119,454655
12,"-32.92202758658411,-57.975510334124905",1,"-34.86347311448007,-56.17403019571399",1201,314803
12,"-32.92202758658411,-57.975510334124905",2,"-30.407062416732217,-56.81554727891256",1202,380391
12,"-32.92202758658411,-57.975510334124905",3,"-34.70480623405611,-56.04615274218908",1203,313213
12,"-32.92202758658411,-57.975510334124905",4,"-32.412530637702794,-54.04713015664623",1204,486397
12,"-32.92202758658411,-57.975510334124905",5,"-34.23198949912197,-57.74210900659811",1205,173120
12,"-32.92202758658411,-57.975510334124905",6,"-33.29103587835989,-56.27098299307005",1206,235480
12,"-32.92202758658411,-57.975510334124905",7,"-33.53920654666071,-56.90577692183583",1207,166130
12,"-32.92202758658411,-57.975510334124905",8,"-34.032026238093366,-56.13160980422134",1208,290411
12,"-32.92202758658411,-57.975510334124905",9,"-34.21457704605623,-55.15399089880148",1209,401274
12,"-32.92202758658411,-57.975510334124905",10,"-34.85347673674695,-54.98336526692671",1210,424153
12,"-32.92202758658411,-57.975510334124905",11,"-32.283872150647106,-57.959994965057604",1211,78652
12,"-32.92202758658411,-57.975510334124905",13,"-31.02322481060381,-55.50845498927073",1213,382195
12,"-32.92202758658411,-57.975510334124905",14,"-34.151878164969204,-54.031687712278405",1214,515329
12,"-32.92202758658411,-57.975510334124905",15,"-31.35982522025497,-57.8823388590987",1215,197619
12,"-32.92202758658411,-57.975510334124905",16,"-34.51474804942168,-56.61756156142106",1216,256067
12,"-32.92202758658411,-57.975510334124905",17,"-33.41667869361325,-57.98829706231997",1217,67704
12,"-32.92202758658411,-57.975510334124905",18,"-31.967640007891212,-55.9947894362848",1218,282223
12,"-32.92202758658411,-57.975510334124905",19,"-33.168234436521246,-54.359141645492166",1219,443288
13,"-31.02322481060381,-55.50845498927073",1,"-34.86347311448007,-56.17403019571399",1301,496028
13,"-31.02322481060381,-55.50845498927073",2,"-30.407062416732217,-56.81554727891256",1302,165823
13,"-31.02322481060381,-55.50845498927073",3,"-34.70480623405611,-56.04615274218908",1303,487219
13,"-31.02322481060381,-55.50845498927073",4,"-32.412530637702794,-54.04713015664623",1304,240871
13,"-31.02322481060381,-55.50845498927073",5,"-34.23198949912197,-57.74210900659811",1305,484612
13,"-31.02322481060381,-55.50845498927073",6,"-33.29103587835989,-56.27098299307005",1306,336484
13,"-31.02322481060381,-55.50845498927073",7,"-33.53920654666071,-56.90577692183583",1307,359348
13,"-31.02322481060381,-55.50845498927073",8,"-34.032026238093366,-56.13160980422134",1308,419126
13,"-31.02322481060381,-55.50845498927073",9,"-34.21457704605623,-55.15399089880148",1309,464972
13,"-31.02322481060381,-55.50845498927073",10,"-34.85347673674695,-54.98336526692671",1310,533774
13,"-31.02322481060381,-55.50845498927073",11,"-32.283872150647106,-57.959994965057604",1311,340541
13,"-31.02322481060381,-55.50845498927073",12,"-32.92202758658411,-57.975510334124905",1312,382195
13,"-31.02322481060381,-55.50845498927073",14,"-34.151878164969204,-54.031687712278405",1314,466304
13,"-31.02322481060381,-55.50845498927073",15,"-31.35982522025497,-57.8823388590987",1315,286873
13,"-31.02322481060381,-55.50845498927073",16,"-34.51474804942168,-56.61756156142106",1316,459885
13,"-31.02322481060381,-55.50845498927073",17,"-33.41667869361325,-57.98829706231997",1317,446792
13,"-31.02322481060381,-55.50845498927073",18,"-31.967640007891212,-55.9947894362848",1318,145310
13,"-31.02322481060381,-55.50845498927073",19,"-33.168234436521246,-54.359141645492166",1319,324423
14,"-34.151878164969204,-54.031687712278405",1,"-34.86347311448007,-56.17403019571399",1401,252072
14,"-34.151878164969204,-54.031687712278405",2,"-30.407062416732217,-56.81554727891256",1402,623208
14,"-34.151878164969204,-54.031687712278405",3,"-34.70480623405611,-56.04615274218908",1403,232418
14,"-34.151878164969204,-54.031687712278405",4,"-32.412530637702794,-54.04713015664623",1404,254955
14,"-34.151878164969204,-54.031687712278405",5,"-34.23198949912197,-57.74210900659811",1405,398581
14,"-34.151878164969204,-54.031687712278405",6,"-33.29103587835989,-56.27098299307005",1406,299700
14,"-34.151878164969204,-54.031687712278405",7,"-33.53920654666071,-56.90577692183583",1407,350524
14,"-34.151878164969204,-54.031687712278405",8,"-34.032026238093366,-56.13160980422134",1408,253255
14,"-34.151878164969204,-54.031687712278405",9,"-34.21457704605623,-55.15399089880148",1409,153094
14,"-34.151878164969204,-54.031687712278405",10,"-34.85347673674695,-54.98336526692671",1410,141481
14,"-34.151878164969204,-54.031687712278405",11,"-32.283872150647106,-57.959994965057604",1411,536157
14,"-34.151878164969204,-54.031687712278405",12,"-32.92202758658411,-57.975510334124905",1412,515282
14,"-34.151878164969204,-54.031687712278405",13,"-31.02322481060381,-55.50845498927073",1413,466323
14,"-34.151878164969204,-54.031687712278405",15,"-31.35982522025497,-57.8823388590987",1415,624205
14,"-34.151878164969204,-54.031687712278405",16,"-34.51474804942168,-56.61756156142106",1416,292086
14,"-34.151878164969204,-54.031687712278405",17,"-33.41667869361325,-57.98829706231997",1417,464469
14,"-34.151878164969204,-54.031687712278405",18,"-31.967640007891212,-55.9947894362848",1418,410429
14,"-34.151878164969204,-54.031687712278405",19,"-33.168234436521246,-54.359141645492166",1419,149507
15,"-31.35982522025497,-57.8823388590987",1,"-34.86347311448007,-56.17403019571399",1501,487002
15,"-31.35982522025497,-57.8823388590987",2,"-30.407062416732217,-56.81554727891256",1502,184479
15,"-31.35982522025497,-57.8823388590987",3,"-34.70480623405611,-56.04615274218908",1503,478972
15,"-31.35982522025497,-57.8823388590987",4,"-32.412530637702794,-54.04713015664623",1504,427098
15,"-31.35982522025497,-57.8823388590987",5,"-34.23198949912197,-57.74210900659811",1505,369966
15,"-31.35982522025497,-57.8823388590987",6,"-33.29103587835989,-56.27098299307005",1506,347978
15,"-31.35982522025497,-57.8823388590987",7,"-33.53920654666071,-56.90577692183583",1507,305969
15,"-31.35982522025497,-57.8823388590987",8,"-34.032026238093366,-56.13160980422134",1508,427875
15,"-31.35982522025497,-57.8823388590987",9,"-34.21457704605623,-55.15399089880148",1509,543148
15,"-31.35982522025497,-57.8823388590987",10,"-34.85347673674695,-54.98336526692671",1510,574428
15,"-31.35982522025497,-57.8823388590987",11,"-32.283872150647106,-57.959994965057604",1511,121842
15,"-31.35982522025497,-57.8823388590987",12,"-32.92202758658411,-57.975510334124905",1512,197616
15,"-31.35982522025497,-57.8823388590987",13,"-31.02322481060381,-55.50845498927073",1513,286873
15,"-31.35982522025497,-57.8823388590987",14,"-34.151878164969204,-54.031687712278405",1514,624205
15,"-31.35982522025497,-57.8823388590987",16,"-34.51474804942168,-56.61756156142106",1516,425487
15,"-31.35982522025497,-57.8823388590987",17,"-33.41667869361325,-57.98829706231997",1517,264551
15,"-31.35982522025497,-57.8823388590987",18,"-31.967640007891212,-55.9947894362848",1518,235321
15,"-31.35982522025497,-57.8823388590987",19,"-33.168234436521246,-54.359141645492166",1519,486999
16,"-34.51474804942168,-56.61756156142106",1,"-34.86347311448007,-56.17403019571399",1601,67066
16,"-34.51474804942168,-56.61756156142106",2,"-30.407062416732217,-56.81554727891256",1602,570207
16,"-34.51474804942168,-56.61756156142106",3,"-34.70480623405611,-56.04615274218908",1603,82580
16,"-34.51474804942168,-56.61756156142106",4,"-32.412530637702794,-54.04713015664623",1604,417390
16,"-34.51474804942168,-56.61756156142106",5,"-34.23198949912197,-57.74210900659811",1605,123292
16,"-34.51474804942168,-56.61756156142106",6,"-33.29103587835989,-56.27098299307005",1606,174995
16,"-34.51474804942168,-56.61756156142106",7,"-33.53920654666071,-56.90577692183583",1607,120843
16,"-34.51474804942168,-56.61756156142106",8,"-34.032026238093366,-56.13160980422134",1608,96337
16,"-34.51474804942168,-56.61756156142106",9,"-34.21457704605623,-55.15399089880148",1609,174449
16,"-34.51474804942168,-56.61756156142106",10,"-34.85347673674695,-54.98336526692671",1610,191221
16,"-34.51474804942168,-56.61756156142106",11,"-32.283872150647106,-57.959994965057604",1611,306476
16,"-34.51474804942168,-56.61756156142106",12,"-32.92202758658411,-57.975510334124905",1612,255902
16,"-34.51474804942168,-56.61756156142106",13,"-31.02322481060381,-55.50845498927073",1613,459885
16,"-34.51474804942168,-56.61756156142106",14,"-34.151878164969204,-54.031687712278405",1614,292089
16,"-34.51474804942168,-56.61756156142106",15,"-31.35982522025497,-57.8823388590987",1615,425443
16,"-34.51474804942168,-56.61756156142106",17,"-33.41667869361325,-57.98829706231997",1617,197820
16,"-34.51474804942168,-56.61756156142106",18,"-31.967640007891212,-55.9947894362848",1618,323511
16,"-34.51474804942168,-56.61756156142106",19,"-33.168234436521246,-54.359141645492166",1619,317293
17,"-33.41667869361325,-57.98829706231997",1,"-34.86347311448007,-56.17403019571399",1701,256721
17,"-33.41667869361325,-57.98829706231997",2,"-30.407062416732217,-56.81554727891256",1702,447326
17,"-33.41667869361325,-57.98829706231997",3,"-34.70480623405611,-56.04615274218908",1703,255131
17,"-33.41667869361325,-57.98829706231997",4,"-32.412530637702794,-54.04713015664623",1704,468718
17,"-33.41667869361325,-57.98829706231997",5,"-34.23198949912197,-57.74210900659811",1705,115038
17,"-33.41667869361325,-57.98829706231997",6,"-33.29103587835989,-56.27098299307005",1706,195676
17,"-33.41667869361325,-57.98829706231997",7,"-33.53920654666071,-56.90577692183583",1707,126326
17,"-33.41667869361325,-57.98829706231997",8,"-34.032026238093366,-56.13160980422134",1708,250607
17,"-33.41667869361325,-57.98829706231997",9,"-34.21457704605623,-55.15399089880148",1709,347001
17,"-33.41667869361325,-57.98829706231997",10,"-34.85347673674695,-54.98336526692671",1710,366071
17,"-33.41667869361325,-57.98829706231997",11,"-32.283872150647106,-57.959994965057604",1711,145587
17,"-33.41667869361325,-57.98829706231997",12,"-32.92202758658411,-57.975510334124905",1712,67704
17,"-33.41667869361325,-57.98829706231997",13,"-31.02322481060381,-55.50845498927073",1713,446333
17,"-33.41667869361325,-57.98829706231997",14,"-34.151878164969204,-54.031687712278405",1714,464640
17,"-33.41667869361325,-57.98829706231997",15,"-31.35982522025497,-57.8823388590987",1715,264554
17,"-33.41667869361325,-57.98829706231997",16,"-34.51474804942168,-56.61756156142106",1716,197985
17,"-33.41667869361325,-57.98829706231997",18,"-31.967640007891212,-55.9947894362848",1718,317011
17,"-33.41667869361325,-57.98829706231997",19,"-33.168234436521246,-54.359141645492166",1719,408958
18,"-31.967640007891212,-55.9947894362848",1,"-34.86347311448007,-56.17403019571399",1801,359654
18,"-31.967640007891212,-55.9947894362848",2,"-30.407062416732217,-56.81554727891256",1802,254949
18,"-31.967640007891212,-55.9947894362848",3,"-34.70480623405611,-56.04615274218908",1803,350845
18,"-31.967640007891212,-55.9947894362848",4,"-32.412530637702794,-54.04713015664623",1804,249464
18,"-31.967640007891212,-55.9947894362848",5,"-34.23198949912197,-57.74210900659811",1805,348238
18,"-31.967640007891212,-55.9947894362848",6,"-33.29103587835989,-56.27098299307005",1806,200110
18,"-31.967640007891212,-55.9947894362848",7,"-33.53920654666071,-56.90577692183583",1807,222974
18,"-31.967640007891212,-55.9947894362848",8,"-34.032026238093366,-56.13160980422134",1808,282751
18,"-31.967640007891212,-55.9947894362848",9,"-34.21457704605623,-55.15399089880148",1809,354035
18,"-31.967640007891212,-55.9947894362848",10,"-34.85347673674695,-54.98336526692671",1810,419858
18,"-31.967640007891212,-55.9947894362848",11,"-32.283872150647106,-57.959994965057604",1811,240569
18,"-31.967640007891212,-55.9947894362848",12,"-32.92202758658411,-57.975510334124905",1812,282223
18,"-31.967640007891212,-55.9947894362848",13,"-31.02322481060381,-55.50845498927073",1813,145310
18,"-31.967640007891212,-55.9947894362848",14,"-34.151878164969204,-54.031687712278405",1814,410429
18,"-31.967640007891212,-55.9947894362848",15,"-31.35982522025497,-57.8823388590987",1815,235321
18,"-31.967640007891212,-55.9947894362848",16,"-34.51474804942168,-56.61756156142106",1816,323511
18,"-31.967640007891212,-55.9947894362848",17,"-33.41667869361325,-57.98829706231997",1817,317011
18,"-31.967640007891212,-55.9947894362848",19,"-33.168234436521246,-54.359141645492166",1819,300363
19,"-33.168234436521246,-54.359141645492166",1,"-34.86347311448007,-56.17403019571399",1901,288232
19,"-33.168234436521246,-54.359141645492166",2,"-30.407062416732217,-56.81554727891256",1902,481308
19,"-33.168234436521246,-54.359141645492166",3,"-34.70480623405611,-56.04615274218908",1903,265708
19,"-33.168234436521246,-54.359141645492166",4,"-32.412530637702794,-54.04713015664623",1904,109230
19,"-33.168234436521246,-54.359141645492166",5,"-34.23198949912197,-57.74210900659811",1905,412983
19,"-33.168234436521246,-54.359141645492166",6,"-33.29103587835989,-56.27098299307005",1906,217352
19,"-33.168234436521246,-54.359141645492166",7,"-33.53920654666071,-56.90577692183583",1907,287718
19,"-33.168234436521246,-54.359141645492166",8,"-34.032026238093366,-56.13160980422134",1908,238184
19,"-33.168234436521246,-54.359141645492166",9,"-34.21457704605623,-55.15399089880148",1909,163101
19,"-33.168234436521246,-54.359141645492166",10,"-34.85347673674695,-54.98336526692671",1910,216958
19,"-33.168234436521246,-54.359141645492166",11,"-32.283872150647106,-57.959994965057604",1911,454655
19,"-33.168234436521246,-54.359141645492166",12,"-32.92202758658411,-57.975510334124905",1912,443288
19,"-33.168234436521246,-54.359141645492166",13,"-31.02322481060381,-55.50845498927073",1913,324423
19,"-33.168234436521246,-54.359141645492166",14,"-34.151878164969204,-54.031687712278405",1914,149488
19,"-33.168234436521246,-54.359141645492166",15,"-31.35982522025497,-57.8823388590987",1915,486999
19,"-33.168234436521246,-54.359141645492166",16,"-34.51474804942168,-56.61756156142106",1916,317293
19,"-33.168234436521246,-54.359141645492166",17,"-33.41667869361325,-57.98829706231997",1917,408911
19,"-33.168234436521246,-54.359141645492166",18,"-31.967640007891212,-55.9947894362848",1918,300363
